symbol,decision_i,decision_time,window_start_i,window_start_time,window_len,conf,x1n,y1n,x2n,y2n,core_start_i,core_end_i,core_mid_i,core_start_time,core_end_time,core_mid_time,predicted_core_bars,decision_delay_bars,event_id,raw_detection_count,event_conf_max,event_decision_first,event_decision_last,window_lengths_seen
ACU_USDT_SWAP,372,2026-05-03T00:15:00+00:00,359,2026-05-02T21:00:00+00:00,14,0.8705230951309204,0.3418930768966675,0.3494115173816681,0.7844008803367615,0.6201798915863037,363,369,366.0,2026-05-02T22:00:00+00:00,2026-05-02T23:30:00+00:00,2026-05-02T22:45:00+00:00,7,3,7b38038f533db703,32,0.8705230951309204,2026-05-03T00:15:00+00:00,2026-05-03T01:15:00+00:00,"[13, 14, 15, 16, 17, 18, 19]"
ATOM_USDT_SWAP,372,2026-05-03T00:15:00+00:00,359,2026-05-02T21:00:00+00:00,14,0.824791669845581,0.35680264234542847,0.3964051306247711,0.7911486029624939,0.4773167669773102,364,369,366.5,2026-05-02T22:15:00+00:00,2026-05-02T23:30:00+00:00,2026-05-02T22:45:00+00:00,6,3,3caea9d283af7186,60,0.9215899705886841,2026-05-03T00:15:00+00:00,2026-05-03T01:30:00+00:00,"[12, 13, 14, 15, 16, 17, 18, 19]"
AVNT_USDT_SWAP,372,2026-05-03T00:15:00+00:00,359,2026-05-02T21:00:00+00:00,14,0.2906588912010193,0.3588021397590637,0.3670327365398407,0.7901383638381958,0.5232090353965759,364,369,366.5,2026-05-02T22:15:00+00:00,2026-05-02T23:30:00+00:00,2026-05-02T22:45:00+00:00,6,3,41e742badf6c6278,31,0.9630031585693359,2026-05-03T00:15:00+00:00,2026-05-03T01:15:00+00:00,"[12, 13, 14, 15, 16, 17, 18, 19]"
AXS_USDT_SWAP,372,2026-05-03T00:15:00+00:00,359,2026-05-02T21:00:00+00:00,14,0.871953547000885,0.3556590676307678,0.3347413241863251,0.791164755821228,0.41983506083488464,364,369,366.5,2026-05-02T22:15:00+00:00,2026-05-02T23:30:00+00:00,2026-05-02T22:45:00+00:00,6,3,609c15243b00b890,63,0.9509281516075134,2026-05-03T00:15:00+00:00,2026-05-03T01:30:00+00:00,"[12, 13, 14, 15, 16, 17, 18, 19]"
BARD_USDT_SWAP,372,2026-05-03T00:15:00+00:00,356,2026-05-02T20:15:00+00:00,17,0.7257484793663025,0.35687458515167236,0.4011496603488922,0.7684367895126343,0.5057985186576843,362,368,365.0,2026-05-02T21:45:00+00:00,2026-05-02T23:15:00+00:00,2026-05-02T22:30:00+00:00,7,4,ecb9851a3984c2ac,39,0.8603779673576355,2026-05-03T00:15:00+00:00,2026-05-03T01:15:00+00:00,"[12, 13, 14, 15, 16, 17, 18, 19]"
COAI_USDT_SWAP,372,2026-05-03T00:15:00+00:00,359,2026-05-02T21:00:00+00:00,14,0.27262750267982483,0.3398022949695587,0.4589310586452484,0.7898235321044922,0.8038474321365356,363,369,366.0,2026-05-02T22:00:00+00:00,2026-05-02T23:30:00+00:00,2026-05-02T22:45:00+00:00,7,3,0d63b140ed213246,2,0.28193187713623047,2026-05-03T00:15:00+00:00,2026-05-03T00:30:00+00:00,[14]
ENJ_USDT_SWAP,372,2026-05-03T00:15:00+00:00,357,2026-05-02T20:30:00+00:00,16,0.44976893067359924,0.3155893385410309,0.36533889174461365,0.7483727931976318,0.5261763334274292,362,368,365.0,2026-05-02T21:45:00+00:00,2026-05-02T23:15:00+00:00,2026-05-02T22:30:00+00:00,7,4,7fa32e9cf7d8f22e,29,0.9484456181526184,2026-05-03T00:15:00+00:00,2026-05-03T01:15:00+00:00,"[13, 14, 15, 16, 17, 18, 19]"
ENSO_USDT_SWAP,372,2026-05-03T00:15:00+00:00,356,2026-05-02T20:15:00+00:00,17,0.44257214665412903,0.2968856692314148,0.3357864022254944,0.7018730640411377,0.5102116465568542,361,367,364.0,2026-05-02T21:30:00+00:00,2026-05-02T23:00:00+00:00,2026-05-02T22:15:00+00:00,7,5,f230cdb2906931a3,2,0.44257214665412903,2026-05-03T00:15:00+00:00,2026-05-03T00:15:00+00:00,"[17, 18]"
GALA_USDT_SWAP,372,2026-05-03T00:15:00+00:00,359,2026-05-02T21:00:00+00:00,14,0.8238859176635742,0.35738515853881836,0.44342169165611267,0.7899845242500305,0.5286327004432678,364,369,366.5,2026-05-02T22:15:00+00:00,2026-05-02T23:30:00+00:00,2026-05-02T22:45:00+00:00,6,3,441ad6f6bc1555a7,51,0.9035471081733704,2026-05-03T00:15:00+00:00,2026-05-03T01:30:00+00:00,"[12, 13, 14, 15, 16, 17, 18, 19]"
GMT_USDT_SWAP,372,2026-05-03T00:15:00+00:00,357,2026-05-02T20:30:00+00:00,16,0.6617638468742371,0.31195372343063354,0.4260275661945343,0.7506799101829529,0.5670961141586304,362,368,365.0,2026-05-02T21:45:00+00:00,2026-05-02T23:15:00+00:00,2026-05-02T22:30:00+00:00,7,4,21d8c9880a41a098,32,0.9363150000572205,2026-05-03T00:15:00+00:00,2026-05-03T01:00:00+00:00,"[12, 13, 14, 15, 16, 17, 18, 19]"
HOME_USDT_SWAP,372,2026-05-03T00:15:00+00:00,357,2026-05-02T20:30:00+00:00,16,0.584882378578186,0.31295686960220337,0.37823596596717834,0.7526378035545349,0.5953064560890198,362,368,365.0,2026-05-02T21:45:00+00:00,2026-05-02T23:15:00+00:00,2026-05-02T22:30:00+00:00,7,4,541ea61f8cc8f58e,21,0.834204375743866,2026-05-03T00:15:00+00:00,2026-05-03T01:15:00+00:00,"[14, 15, 16, 17, 18, 19]"
KMNO_USDT_SWAP,372,2026-05-03T00:15:00+00:00,357,2026-05-02T20:30:00+00:00,16,0.3203836977481842,0.3152446746826172,0.3123705983161926,0.7480981945991516,0.47664883732795715,362,368,365.0,2026-05-02T21:45:00+00:00,2026-05-02T23:15:00+00:00,2026-05-02T22:30:00+00:00,7,4,86d2015a2a485476,18,0.8051311373710632,2026-05-03T00:15:00+00:00,2026-05-03T01:00:00+00:00,"[13, 14, 15, 16, 17, 18]"
LTC_USDT_SWAP,372,2026-05-03T00:15:00+00:00,356,2026-05-02T20:15:00+00:00,17,0.25121089816093445,0.35842010378837585,0.44883936643600464,0.7630578875541687,0.5247541666030884,362,368,365.0,2026-05-02T21:45:00+00:00,2026-05-02T23:15:00+00:00,2026-05-02T22:30:00+00:00,7,4,4821730183ad94dd,3,0.5291626453399658,2026-05-03T00:15:00+00:00,2026-05-03T01:15:00+00:00,"[15, 17, 18]"
MAGIC_USDT_SWAP,372,2026-05-03T00:15:00+00:00,359,2026-05-02T21:00:00+00:00,14,0.2827393412590027,0.35621413588523865,0.46022897958755493,0.7946094274520874,0.5298900008201599,364,369,366.5,2026-05-02T22:15:00+00:00,2026-05-02T23:30:00+00:00,2026-05-02T22:45:00+00:00,6,3,100238cbca0f1a94,26,0.9303175210952759,2026-05-03T00:15:00+00:00,2026-05-03T01:30:00+00:00,"[12, 13, 14, 15, 16, 17, 18, 19]"
MOODENG_USDT_SWAP,372,2026-05-03T00:15:00+00:00,357,2026-05-02T20:30:00+00:00,16,0.29027560353279114,0.31139975786209106,0.2608911693096161,0.7504578232765198,0.6292949318885803,362,368,365.0,2026-05-02T21:45:00+00:00,2026-05-02T23:15:00+00:00,2026-05-02T22:30:00+00:00,7,4,cc003bf99673e0e5,19,0.7884784936904907,2026-05-03T00:15:00+00:00,2026-05-03T01:00:00+00:00,"[12, 13, 14, 15, 16, 17, 18, 19]"
NG_USDT_SWAP,372,2026-05-03T00:15:00+00:00,357,2026-05-02T20:30:00+00:00,16,0.27473610639572144,0.3099220395088196,0.4759771227836609,0.7562400698661804,0.5170232057571411,362,368,365.0,2026-05-02T21:45:00+00:00,2026-05-02T23:15:00+00:00,2026-05-02T22:30:00+00:00,7,4,23cac36d172ddf4b,6,0.2969376742839813,2026-05-03T00:15:00+00:00,2026-05-03T01:00:00+00:00,"[15, 16, 17, 18]"
PENGU_USDT_SWAP,372,2026-05-03T00:15:00+00:00,357,2026-05-02T20:30:00+00:00,16,0.8897517323493958,0.3126469850540161,0.3123808205127716,0.7491922974586487,0.56621915102005,362,368,365.0,2026-05-02T21:45:00+00:00,2026-05-02T23:15:00+00:00,2026-05-02T22:30:00+00:00,7,4,ba687e857c6054d3,38,0.8897517323493958,2026-05-03T00:15:00+00:00,2026-05-03T01:15:00+00:00,"[13, 14, 15, 16, 17, 18, 19]"
PIPPIN_USDT_SWAP,372,2026-05-03T00:15:00+00:00,358,2026-05-02T20:45:00+00:00,15,0.9145956039428711,0.3429970145225525,0.31015342473983765,0.8042950630187988,0.9117799997329712,363,369,366.0,2026-05-02T22:00:00+00:00,2026-05-02T23:30:00+00:00,2026-05-02T22:45:00+00:00,7,3,a7334a5d612f5605,69,0.9176003336906433,2026-05-03T00:15:00+00:00,2026-05-03T02:00:00+00:00,"[12, 13, 14, 15, 16, 17, 18, 19]"
RAY_USDT_SWAP,372,2026-05-03T00:15:00+00:00,356,2026-05-02T20:15:00+00:00,17,0.9478839635848999,0.3576779067516327,0.3277909755706787,0.7630061507225037,0.5418179631233215,362,368,365.0,2026-05-02T21:45:00+00:00,2026-05-02T23:15:00+00:00,2026-05-02T22:30:00+00:00,7,4,f976ad19b02f0ba2,35,0.9501026272773743,2026-05-03T00:15:00+00:00,2026-05-03T01:00:00+00:00,"[12, 13, 14, 15, 16, 17, 18, 19]"
RLS_USDT_SWAP,372,2026-05-03T00:15:00+00:00,356,2026-05-02T20:15:00+00:00,17,0.8311668634414673,0.35933181643486023,0.20203544199466705,0.7614540457725525,0.42627689242362976,362,368,365.0,2026-05-02T21:45:00+00:00,2026-05-02T23:15:00+00:00,2026-05-02T22:30:00+00:00,7,4,c97f3d8f5a03f346,32,0.8942500948905945,2026-05-03T00:15:00+00:00,2026-05-03T01:00:00+00:00,"[12, 13, 14, 15, 16, 17, 18, 19]"
SHIB_USDT_SWAP,372,2026-05-03T00:15:00+00:00,358,2026-05-02T20:45:00+00:00,15,0.48303288221359253,0.3419853150844574,0.45772784948349,0.8051261901855469,0.5256212949752808,363,369,366.0,2026-05-02T22:00:00+00:00,2026-05-02T23:30:00+00:00,2026-05-02T22:45:00+00:00,7,3,369a5a05fa963fd2,35,0.8999590873718262,2026-05-03T00:15:00+00:00,2026-05-03T01:15:00+00:00,"[12, 13, 14, 15, 16, 17, 18, 19]"
SIGN_USDT_SWAP,372,2026-05-03T00:15:00+00:00,359,2026-05-02T21:00:00+00:00,14,0.28743085265159607,0.3566018044948578,0.37968572974205017,0.7908880710601807,0.46405571699142456,364,369,366.5,2026-05-02T22:15:00+00:00,2026-05-02T23:30:00+00:00,2026-05-02T22:45:00+00:00,6,3,6140f1c5bc5df2d9,39,0.8891502618789673,2026-05-03T00:15:00+00:00,2026-05-03T01:30:00+00:00,"[12, 13, 14, 15, 16, 17, 18, 19]"
SKY_USDT_SWAP,372,2026-05-03T00:15:00+00:00,356,2026-05-02T20:15:00+00:00,17,0.6920403242111206,0.2932400405406952,0.4017719328403473,0.7052019238471985,0.49960336089134216,361,367,364.0,2026-05-02T21:30:00+00:00,2026-05-02T23:00:00+00:00,2026-05-02T22:15:00+00:00,7,5,2f3c073798598c9a,24,0.8160611391067505,2026-05-03T00:15:00+00:00,2026-05-03T00:45:00+00:00,"[12, 13, 14, 15, 16, 17, 18, 19]"
STABLE_USDT_SWAP,372,2026-05-03T00:15:00+00:00,357,2026-05-02T20:30:00+00:00,16,0.4443262815475464,0.3126319944858551,0.4343181252479553,0.7470706701278687,0.5752607583999634,362,368,365.0,2026-05-02T21:45:00+00:00,2026-05-02T23:15:00+00:00,2026-05-02T22:30:00+00:00,7,4,f5259bebc330cdca,22,0.6020178198814392,2026-05-03T00:15:00+00:00,2026-05-03T01:15:00+00:00,"[13, 14, 15, 16, 17, 18, 19]"
XLM_USDT_SWAP,372,2026-05-03T00:15:00+00:00,359,2026-05-02T21:00:00+00:00,14,0.33399105072021484,0.3610319197177887,0.4628300368785858,0.7916692495346069,0.543940544128418,364,369,366.5,2026-05-02T22:15:00+00:00,2026-05-02T23:30:00+00:00,2026-05-02T22:45:00+00:00,6,3,6c54aa23dd096ada,36,0.8297027349472046,2026-05-03T00:15:00+00:00,2026-05-03T01:30:00+00:00,"[12, 13, 14, 15, 16, 17, 18, 19]"
XTZ_USDT_SWAP,372,2026-05-03T00:15:00+00:00,359,2026-05-02T21:00:00+00:00,14,0.7317765951156616,0.35719606280326843,0.42650747299194336,0.7860745787620544,0.5194805264472961,364,369,366.5,2026-05-02T22:15:00+00:00,2026-05-02T23:30:00+00:00,2026-05-02T22:45:00+00:00,6,3,bdbffc836ab1d8e7,53,0.9434426426887512,2026-05-03T00:15:00+00:00,2026-05-03T01:30:00+00:00,"[12, 13, 14, 15, 16, 17, 18, 19]"
ARB_USDT_SWAP,373,2026-05-03T00:30:00+00:00,359,2026-05-02T21:00:00+00:00,15,0.5019841194152832,0.34177398681640625,0.3018406331539154,0.8077656626701355,0.4958879053592682,364,370,367.0,2026-05-02T22:15:00+00:00,2026-05-02T23:45:00+00:00,2026-05-02T23:00:00+00:00,7,3,a233155c2e60aca7,31,0.9440575838088989,2026-05-03T00:30:00+00:00,2026-05-03T01:30:00+00:00,"[12, 13, 14, 15, 16, 17, 18, 19]"
DOGE_USDT_SWAP,373,2026-05-03T00:30:00+00:00,360,2026-05-02T21:15:00+00:00,14,0.3886072337627411,0.3503057360649109,0.41053903102874756,0.7883962392807007,0.539639413356781,365,370,367.5,2026-05-02T22:30:00+00:00,2026-05-02T23:45:00+00:00,2026-05-02T23:15:00+00:00,6,3,abb339747065d3bc,35,0.8632684946060181,2026-05-03T00:30:00+00:00,2026-05-03T01:45:00+00:00,"[12, 13, 14, 15, 16, 17, 18, 19]"
GLM_USDT_SWAP,373,2026-05-03T00:30:00+00:00,359,2026-05-02T21:00:00+00:00,15,0.5121111869812012,0.3418996036052704,0.44122424721717834,0.8038743138313293,0.5459185242652893,364,370,367.0,2026-05-02T22:15:00+00:00,2026-05-02T23:45:00+00:00,2026-05-02T23:00:00+00:00,7,3,606bd3770b979a0d,7,0.5121111869812012,2026-05-03T00:30:00+00:00,2026-05-03T01:00:00+00:00,"[14, 15, 16, 17]"
GMX_USDT_SWAP,373,2026-05-03T00:30:00+00:00,360,2026-05-02T21:15:00+00:00,14,0.6112247109413147,0.3231031596660614,0.4556739628314972,0.7857456207275391,0.5966227054595947,364,370,367.0,2026-05-02T22:15:00+00:00,2026-05-02T23:45:00+00:00,2026-05-02T23:00:00+00:00,7,3,1675b6019b37a1ff,3,0.6112247109413147,2026-05-03T00:30:00+00:00,2026-05-03T00:45:00+00:00,"[13, 14, 16]"
LINEA_USDT_SWAP,373,2026-05-03T00:30:00+00:00,360,2026-05-02T21:15:00+00:00,14,0.36945101618766785,0.34880197048187256,0.46288999915122986,0.7882433533668518,0.5708616971969604,364,370,367.0,2026-05-02T22:15:00+00:00,2026-05-02T23:45:00+00:00,2026-05-02T23:00:00+00:00,7,3,05ee5bcc6f9c37f6,38,0.8730413913726807,2026-05-03T00:30:00+00:00,2026-05-03T01:45:00+00:00,"[12, 13, 14, 15, 16, 17, 18, 19]"
MASK_USDT_SWAP,373,2026-05-03T00:30:00+00:00,360,2026-05-02T21:15:00+00:00,14,0.25598764419555664,0.352367103099823,0.4634750187397003,0.7866572141647339,0.5483664274215698,365,370,367.5,2026-05-02T22:30:00+00:00,2026-05-02T23:45:00+00:00,2026-05-02T23:15:00+00:00,6,3,21cf4058d039e877,3,0.4047467112541199,2026-05-03T00:30:00+00:00,2026-05-03T00:45:00+00:00,"[14, 15]"
OFC_USDT_SWAP,373,2026-05-03T00:30:00+00:00,362,2026-05-02T21:45:00+00:00,12,0.6026198267936707,0.4246513247489929,0.20086541771888733,0.750469982624054,0.3791520297527313,367,370,368.5,2026-05-02T23:00:00+00:00,2026-05-02T23:45:00+00:00,2026-05-02T23:15:00+00:00,4,3,dc64142f5d45e951,59,0.966850221157074,2026-05-03T00:30:00+00:00,2026-05-03T02:00:00+00:00,"[12, 13, 14, 15, 16, 17, 18, 19]"
ORCL_USDT_SWAP,373,2026-05-03T00:30:00+00:00,359,2026-05-02T21:00:00+00:00,15,0.33340805768966675,0.3417476713657379,0.4111519455909729,0.8084571957588196,0.6198136210441589,364,370,367.0,2026-05-02T22:15:00+00:00,2026-05-02T23:45:00+00:00,2026-05-02T23:00:00+00:00,7,3,5c92942a53a7b236,23,0.6571429371833801,2026-05-03T00:30:00+00:00,2026-05-03T01:45:00+00:00,"[13, 14, 15, 16, 17, 18, 19]"
PUMP_USDT_SWAP,373,2026-05-03T00:30:00+00:00,359,2026-05-02T21:00:00+00:00,15,0.34661373496055603,0.34182101488113403,0.41261035203933716,0.8034680485725403,0.5564565658569336,364,370,367.0,2026-05-02T22:15:00+00:00,2026-05-02T23:45:00+00:00,2026-05-02T23:00:00+00:00,7,3,daa8531448dd33da,30,0.9230688810348511,2026-05-03T00:30:00+00:00,2026-05-03T01:30:00+00:00,"[12, 13, 14, 15, 16, 17, 18, 19]"
WIF_USDT_SWAP,373,2026-05-03T00:30:00+00:00,359,2026-05-02T21:00:00+00:00,15,0.41428881883621216,0.34188973903656006,0.40326055884361267,0.8024464845657349,0.5541710257530212,364,370,367.0,2026-05-02T22:15:00+00:00,2026-05-02T23:45:00+00:00,2026-05-02T23:00:00+00:00,7,3,cdb7a631b1138a09,32,0.9153178334236145,2026-05-03T00:30:00+00:00,2026-05-03T01:30:00+00:00,"[12, 13, 14, 15, 16, 17, 18, 19]"
AERO_USDT_SWAP,374,2026-05-03T00:45:00+00:00,360,2026-05-02T21:15:00+00:00,15,0.3066389560699463,0.3418155014514923,0.41254687309265137,0.800858199596405,0.5729788541793823,365,371,368.0,2026-05-02T22:30:00+00:00,2026-05-03T00:00:00+00:00,2026-05-02T23:15:00+00:00,7,3,a77969277ea36b29,22,0.9351131916046143,2026-05-03T00:45:00+00:00,2026-05-03T01:45:00+00:00,"[12, 13, 14, 15, 16, 17, 18, 19]"
BLUR_USDT_SWAP,374,2026-05-03T00:45:00+00:00,360,2026-05-02T21:15:00+00:00,15,0.44007396697998047,0.3420068025588989,0.44334280490875244,0.8063526153564453,0.7481757998466492,365,371,368.0,2026-05-02T22:30:00+00:00,2026-05-03T00:00:00+00:00,2026-05-02T23:15:00+00:00,7,3,a00aa365d015f301,22,0.7767364382743835,2026-05-03T00:45:00+00:00,2026-05-03T01:45:00+00:00,"[12, 13, 14, 15, 16, 17, 18]"
BNB_USDT_SWAP,374,2026-05-03T00:45:00+00:00,361,2026-05-02T21:30:00+00:00,14,0.2545967400074005,0.354003369808197,0.4888296127319336,0.7882728576660156,0.5632812976837158,366,371,368.5,2026-05-02T22:45:00+00:00,2026-05-03T00:00:00+00:00,2026-05-02T23:15:00+00:00,6,3,215d5364558d8d28,23,0.46285703778266907,2026-05-03T00:45:00+00:00,2026-05-03T02:00:00+00:00,"[14, 15, 16, 17, 18, 19]"
DASH_USDT_SWAP,374,2026-05-03T00:45:00+00:00,362,2026-05-02T21:45:00+00:00,13,0.2764761447906494,0.3882172703742981,0.4392608106136322,0.7732183933258057,0.6689620614051819,367,371,369.0,2026-05-02T23:00:00+00:00,2026-05-03T00:00:00+00:00,2026-05-02T23:30:00+00:00,5,3,fed2b39005d8ac6f,3,0.2764761447906494,2026-05-03T00:45:00+00:00,2026-05-03T01:00:00+00:00,"[13, 14, 16]"
ENSO_USDT_SWAP,374,2026-05-03T00:45:00+00:00,363,2026-05-02T22:00:00+00:00,12,0.8019369840621948,0.42105284333229065,0.20959478616714478,0.7600423097610474,0.6644003987312317,368,371,369.5,2026-05-02T23:15:00+00:00,2026-05-03T00:00:00+00:00,2026-05-02T23:45:00+00:00,4,3,08966f31b258956f,74,0.926254391670227,2026-05-03T00:45:00+00:00,2026-05-03T02:30:00+00:00,"[12, 13, 14, 15, 16, 17, 18, 19]"
RAVE_USDT_SWAP,374,2026-05-03T00:45:00+00:00,362,2026-05-02T21:45:00+00:00,13,0.5811558365821838,0.3892894685268402,0.22979006171226501,0.7791270017623901,0.8333099484443665,367,371,369.0,2026-05-02T23:00:00+00:00,2026-05-03T00:00:00+00:00,2026-05-02T23:30:00+00:00,5,3,c7baa6002f900224,4,0.5811558365821838,2026-05-03T00:45:00+00:00,2026-05-03T01:00:00+00:00,"[13, 14, 19]"
SKY_USDT_SWAP,374,2026-05-03T00:45:00+00:00,363,2026-05-02T22:00:00+00:00,12,0.6548565626144409,0.42888498306274414,0.4601656496524811,0.7517162561416626,0.5510101914405823,368,371,369.5,2026-05-02T23:15:00+00:00,2026-05-03T00:00:00+00:00,2026-05-02T23:45:00+00:00,4,3,d17163e0230a9f6a,65,0.8902615904808044,2026-05-03T00:45:00+00:00,2026-05-03T02:15:00+00:00,"[12, 13, 14, 15, 16, 17, 18, 19]"
API3_USDT_SWAP,375,2026-05-03T01:00:00+00:00,362,2026-05-02T21:45:00+00:00,14,0.3035948574542999,0.3567602336406708,0.5399527549743652,0.793343186378479,0.8355992436408997,367,372,369.5,2026-05-02T23:00:00+00:00,2026-05-03T00:15:00+00:00,2026-05-02T23:45:00+00:00,6,3,4a811d8205c95929,1,0.3035948574542999,2026-05-03T01:00:00+00:00,2026-05-03T01:00:00+00:00,[14]
APT_USDT_SWAP,375,2026-05-03T01:00:00+00:00,360,2026-05-02T21:15:00+00:00,16,0.2756608724594116,0.31379014253616333,0.41526705026626587,0.7515214681625366,0.5625014901161194,365,371,368.0,2026-05-02T22:30:00+00:00,2026-05-03T00:00:00+00:00,2026-05-02T23:15:00+00:00,7,4,e6e3a187ad1cbfc4,18,0.9618512988090515,2026-05-03T01:00:00+00:00,2026-05-03T01:45:00+00:00,"[13, 14, 15, 16, 17, 18, 19]"
CHZ_USDT_SWAP,375,2026-05-03T01:00:00+00:00,362,2026-05-02T21:45:00+00:00,14,0.35170137882232666,0.3480603098869324,0.32396548986434937,0.7881284952163696,0.535763144493103,366,372,369.0,2026-05-02T22:45:00+00:00,2026-05-03T00:15:00+00:00,2026-05-02T23:30:00+00:00,7,3,c625f77e36926650,29,0.9774062633514404,2026-05-03T01:00:00+00:00,2026-05-03T01:45:00+00:00,"[12, 13, 14, 15, 16, 17, 18, 19]"
FLOKI_USDT_SWAP,375,2026-05-03T01:00:00+00:00,362,2026-05-02T21:45:00+00:00,14,0.2521630525588989,0.35174086689949036,0.45486438274383545,0.7887874841690063,0.569897472858429,367,372,369.5,2026-05-02T23:00:00+00:00,2026-05-03T00:15:00+00:00,2026-05-02T23:45:00+00:00,6,3,a010d1e7eca4c433,35,0.9445777535438538,2026-05-03T01:00:00+00:00,2026-05-03T02:15:00+00:00,"[12, 13, 14, 15, 16, 17, 18, 19]"
GMT_USDT_SWAP,375,2026-05-03T01:00:00+00:00,364,2026-05-02T22:15:00+00:00,12,0.561048150062561,0.42574334144592285,0.36697202920913696,0.7517563104629517,0.5527333617210388,369,372,370.5,2026-05-02T23:30:00+00:00,2026-05-03T00:15:00+00:00,2026-05-02T23:45:00+00:00,4,3,0d17bdef93cee64b,57,0.9489957690238953,2026-05-03T01:00:00+00:00,2026-05-03T02:30:00+00:00,"[12, 13, 14, 15, 16, 17, 18, 19]"
KMNO_USDT_SWAP,375,2026-05-03T01:00:00+00:00,364,2026-05-02T22:15:00+00:00,12,0.3934743404388428,0.42721301317214966,0.37297049164772034,0.7555590271949768,0.7297444939613342,369,372,370.5,2026-05-02T23:30:00+00:00,2026-05-03T00:15:00+00:00,2026-05-02T23:45:00+00:00,4,3,b1994228166d412b,45,0.8791021108627319,2026-05-03T01:00:00+00:00,2026-05-03T02:45:00+00:00,"[12, 13, 14, 15, 16, 17, 18, 19]"
MOODENG_USDT_SWAP,375,2026-05-03T01:00:00+00:00,364,2026-05-02T22:15:00+00:00,12,0.26384297013282776,0.4214304983615875,0.34802183508872986,0.7528587579727173,0.6717777848243713,369,372,370.5,2026-05-02T23:30:00+00:00,2026-05-03T00:15:00+00:00,2026-05-02T23:45:00+00:00,4,3,446f39128afba9ff,53,0.9538312554359436,2026-05-03T01:00:00+00:00,2026-05-03T02:30:00+00:00,"[12, 13, 14, 15, 16, 17, 18, 19]"
MORPHO_USDT_SWAP,375,2026-05-03T01:00:00+00:00,363,2026-05-02T22:00:00+00:00,13,0.3294636607170105,0.39696425199508667,0.4349766671657562,0.7705144286155701,0.5084917545318604,368,372,370.0,2026-05-02T23:15:00+00:00,2026-05-03T00:15:00+00:00,2026-05-02T23:45:00+00:00,5,3,0f81f1a1447a9b76,56,0.932508647441864,2026-05-03T01:00:00+00:00,2026-05-03T02:30:00+00:00,"[12, 13, 14, 15, 16, 17, 18, 19]"
NMR_USDT_SWAP,375,2026-05-03T01:00:00+00:00,362,2026-05-02T21:45:00+00:00,14,0.6676512956619263,0.36067435145378113,0.45136356353759766,0.7883816361427307,0.5510041117668152,367,372,369.5,2026-05-02T23:00:00+00:00,2026-05-03T00:15:00+00:00,2026-05-02T23:45:00+00:00,6,3,0b1c7b455dc6f6f3,50,0.9387021064758301,2026-05-03T01:00:00+00:00,2026-05-03T02:15:00+00:00,"[12, 13, 14, 15, 16, 17, 18, 19]"
ONT_USDT_SWAP,375,2026-05-03T01:00:00+00:00,359,2026-05-02T21:00:00+00:00,17,0.7587417960166931,0.3564676344394684,0.40063512325286865,0.7636013627052307,0.5277122855186462,365,371,368.0,2026-05-02T22:30:00+00:00,2026-05-03T00:00:00+00:00,2026-05-02T23:15:00+00:00,7,4,2a2820e865d58888,35,0.9383111596107483,2026-05-03T01:00:00+00:00,2026-05-03T01:45:00+00:00,"[12, 13, 14, 15, 16, 17, 18, 19]"
RAY_USDT_SWAP,375,2026-05-03T01:00:00+00:00,364,2026-05-02T22:15:00+00:00,12,0.34013688564300537,0.42616787552833557,0.39404264092445374,0.7479454278945923,0.6705812811851501,369,372,370.5,2026-05-02T23:30:00+00:00,2026-05-03T00:15:00+00:00,2026-05-02T23:45:00+00:00,4,3,07e0d071cfde1d77,42,0.9200646877288818,2026-05-03T01:00:00+00:00,2026-05-03T02:30:00+00:00,"[12, 13, 14, 15, 16, 17, 18, 19]"
RLS_USDT_SWAP,375,2026-05-03T01:00:00+00:00,364,2026-05-02T22:15:00+00:00,12,0.5208808779716492,0.42770475149154663,0.25475406646728516,0.7474491000175476,0.8581201434135437,369,372,370.5,2026-05-02T23:30:00+00:00,2026-05-03T00:15:00+00:00,2026-05-02T23:45:00+00:00,4,3,7bdcc84a7c64e32c,21,0.6899810433387756,2026-05-03T01:00:00+00:00,2026-05-03T03:00:00+00:00,"[12, 14, 15, 16, 17, 18, 19]"
ZBT_USDT_SWAP,375,2026-05-03T01:00:00+00:00,363,2026-05-02T22:00:00+00:00,13,0.6258729696273804,0.39100182056427,0.19067779183387756,0.7786208391189575,0.7675843238830566,368,372,370.0,2026-05-02T23:15:00+00:00,2026-05-03T00:15:00+00:00,2026-05-02T23:45:00+00:00,5,3,d37c12a4b74f9fdb,49,0.8993843197822571,2026-05-03T01:00:00+00:00,2026-05-03T02:45:00+00:00,"[12, 13, 14, 15, 16, 17, 18, 19]"
BARD_USDT_SWAP,376,2026-05-03T01:15:00+00:00,363,2026-05-02T22:00:00+00:00,14,0.6888909935951233,0.3602699935436249,0.4137055575847626,0.7869263291358948,0.5444416403770447,368,373,370.5,2026-05-02T23:15:00+00:00,2026-05-03T00:30:00+00:00,2026-05-02T23:45:00+00:00,6,3,36ce3ce575ca9dd8,52,0.9097734689712524,2026-05-03T01:15:00+00:00,2026-05-03T02:30:00+00:00,"[12, 13, 14, 15, 16, 17, 18, 19]"
CRO_USDT_SWAP,376,2026-05-03T01:15:00+00:00,363,2026-05-02T22:00:00+00:00,14,0.27442532777786255,0.3569260835647583,0.47021958231925964,0.7957783937454224,0.5261358618736267,368,373,370.5,2026-05-02T23:15:00+00:00,2026-05-03T00:30:00+00:00,2026-05-02T23:45:00+00:00,6,3,fa6f3057dea913ab,44,0.7572582960128784,2026-05-03T01:15:00+00:00,2026-05-03T02:30:00+00:00,"[12, 13, 14, 15, 16, 17, 18, 19]"
ENJ_USDT_SWAP,376,2026-05-03T01:15:00+00:00,363,2026-05-02T22:00:00+00:00,14,0.7267014384269714,0.3623287081718445,0.3637658655643463,0.7863997220993042,0.6104926466941833,368,373,370.5,2026-05-02T23:15:00+00:00,2026-05-03T00:30:00+00:00,2026-05-02T23:45:00+00:00,6,3,8f57f03fbe5aa244,39,0.89118492603302,2026-05-03T01:15:00+00:00,2026-05-03T02:30:00+00:00,"[13, 14, 15, 16, 17, 18, 19]"
ENS_USDT_SWAP,376,2026-05-03T01:15:00+00:00,363,2026-05-02T22:00:00+00:00,14,0.3942723572254181,0.3514723479747772,0.4249100089073181,0.7888013124465942,0.5424890518188477,368,373,370.5,2026-05-02T23:15:00+00:00,2026-05-03T00:30:00+00:00,2026-05-02T23:45:00+00:00,6,3,8f1afb83cec2bdc7,37,0.9325979948043823,2026-05-03T01:15:00+00:00,2026-05-03T02:30:00+00:00,"[12, 13, 14, 15, 16, 17, 18, 19]"
GAS_USDT_SWAP,376,2026-05-03T01:15:00+00:00,359,2026-05-02T21:00:00+00:00,18,0.2896619141101837,0.3328593373298645,0.4167206287384033,0.7211099863052368,0.49522489309310913,365,371,368.0,2026-05-02T22:30:00+00:00,2026-05-03T00:00:00+00:00,2026-05-02T23:15:00+00:00,7,5,c921864f68278c25,12,0.885827362537384,2026-05-03T01:15:00+00:00,2026-05-03T01:45:00+00:00,"[12, 13, 14, 15, 16, 17, 18]"
HOME_USDT_SWAP,376,2026-05-03T01:15:00+00:00,363,2026-05-02T22:00:00+00:00,14,0.7108089923858643,0.35326898097991943,0.31279292702674866,0.7865023016929626,0.6722833514213562,368,373,370.5,2026-05-02T23:15:00+00:00,2026-05-03T00:30:00+00:00,2026-05-02T23:45:00+00:00,6,3,03c3c14bfeb70922,20,0.8411040306091309,2026-05-03T01:15:00+00:00,2026-05-03T02:00:00+00:00,"[13, 14, 15, 16, 17, 18, 19]"
LTC_USDT_SWAP,376,2026-05-03T01:15:00+00:00,363,2026-05-02T22:00:00+00:00,14,0.48613524436950684,0.3616582155227661,0.45782601833343506,0.7926362752914429,0.5235809087753296,368,373,370.5,2026-05-02T23:15:00+00:00,2026-05-03T00:30:00+00:00,2026-05-02T23:45:00+00:00,6,3,aa94ddc99987c897,58,0.8530353307723999,2026-05-03T01:15:00+00:00,2026-05-03T02:30:00+00:00,"[12, 13, 14, 15, 16, 17, 18, 19]"
MON_USDT_SWAP,376,2026-05-03T01:15:00+00:00,363,2026-05-02T22:00:00+00:00,14,0.2883581817150116,0.3574049770832062,0.39257436990737915,0.7892055511474609,0.6397506594657898,368,373,370.5,2026-05-02T23:15:00+00:00,2026-05-03T00:30:00+00:00,2026-05-02T23:45:00+00:00,6,3,a61241fce31ed9c4,12,0.746239960193634,2026-05-03T01:15:00+00:00,2026-05-03T02:15:00+00:00,"[13, 14, 15, 16, 17]"
PENGU_USDT_SWAP,376,2026-05-03T01:15:00+00:00,363,2026-05-02T22:00:00+00:00,14,0.5116651058197021,0.35081207752227783,0.3515055775642395,0.7859321236610413,0.5818129181861877,368,373,370.5,2026-05-02T23:15:00+00:00,2026-05-03T00:30:00+00:00,2026-05-02T23:45:00+00:00,6,3,d515ec3e1b5a6c9f,22,0.6600416302680969,2026-05-03T01:15:00+00:00,2026-05-03T02:30:00+00:00,"[14, 15, 16, 17, 18, 19]"
SHIB_USDT_SWAP,376,2026-05-03T01:15:00+00:00,365,2026-05-02T22:30:00+00:00,12,0.6241030693054199,0.4307519495487213,0.4555724561214447,0.7490934133529663,0.5497459769248962,370,373,371.5,2026-05-02T23:45:00+00:00,2026-05-03T00:30:00+00:00,2026-05-03T00:15:00+00:00,4,3,8c1fed87cddf9cc2,65,0.9278553128242493,2026-05-03T01:15:00+00:00,2026-05-03T02:45:00+00:00,"[12, 13, 14, 15, 16, 17, 18, 19]"
S_USDT_SWAP,376,2026-05-03T01:15:00+00:00,364,2026-05-02T22:15:00+00:00,13,0.5138203501701355,0.3947714865207672,0.4067991375923157,0.7733127474784851,0.5544930696487427,369,373,371.0,2026-05-02T23:30:00+00:00,2026-05-03T00:30:00+00:00,2026-05-03T00:00:00+00:00,5,3,ea37d9f709468f92,44,0.9101396799087524,2026-05-03T01:15:00+00:00,2026-05-03T02:45:00+00:00,"[12, 13, 14, 15, 16, 17, 18, 19]"
VANA_USDT_SWAP,376,2026-05-03T01:15:00+00:00,363,2026-05-02T22:00:00+00:00,14,0.4841950237751007,0.32393643260002136,0.3425043821334839,0.787549614906311,0.565510094165802,367,373,370.0,2026-05-02T23:00:00+00:00,2026-05-03T00:30:00+00:00,2026-05-02T23:45:00+00:00,7,3,c2c870862c26969f,37,0.9512099027633667,2026-05-03T01:15:00+00:00,2026-05-03T02:30:00+00:00,"[12, 13, 14, 15, 16, 17, 18, 19]"
ZAMA_USDT_SWAP,376,2026-05-03T01:15:00+00:00,363,2026-05-02T22:00:00+00:00,14,0.3248593211174011,0.35543525218963623,0.39330369234085083,0.7887876629829407,0.5855054259300232,368,373,370.5,2026-05-02T23:15:00+00:00,2026-05-03T00:30:00+00:00,2026-05-02T23:45:00+00:00,6,3,8e14205258638219,39,0.9321039915084839,2026-05-03T01:15:00+00:00,2026-05-03T02:45:00+00:00,"[13, 14, 15, 16, 17, 18, 19]"
ACU_USDT_SWAP,377,2026-05-03T01:30:00+00:00,364,2026-05-02T22:15:00+00:00,14,0.264404833316803,0.35445860028266907,0.4640744626522064,0.7890317440032959,0.6345177292823792,369,374,371.5,2026-05-02T23:30:00+00:00,2026-05-03T00:45:00+00:00,2026-05-03T00:15:00+00:00,6,3,2f8f78db0325fa2b,2,0.32226690649986267,2026-05-03T01:30:00+00:00,2026-05-03T01:45:00+00:00,"[14, 16]"
AEVO_USDT_SWAP,377,2026-05-03T01:30:00+00:00,364,2026-05-02T22:15:00+00:00,14,0.4682908356189728,0.36094024777412415,0.34648460149765015,0.7878075242042542,0.5036518573760986,369,374,371.5,2026-05-02T23:30:00+00:00,2026-05-03T00:45:00+00:00,2026-05-03T00:15:00+00:00,6,3,a16aac325680c69e,39,0.9732142090797424,2026-05-03T01:30:00+00:00,2026-05-03T02:45:00+00:00,"[12, 13, 14, 15, 16, 17, 18, 19]"
ARB_USDT_SWAP,377,2026-05-03T01:30:00+00:00,366,2026-05-02T22:45:00+00:00,12,0.26575371623039246,0.42558902502059937,0.334568589925766,0.7532715201377869,0.6318044662475586,371,374,372.5,2026-05-03T00:00:00+00:00,2026-05-03T00:45:00+00:00,2026-05-03T00:15:00+00:00,4,3,86d390ad30dbdd87,46,0.93677818775177,2026-05-03T01:30:00+00:00,2026-05-03T03:00:00+00:00,"[12, 13, 14, 15, 16, 17, 18, 19]"
ATOM_USDT_SWAP,377,2026-05-03T01:30:00+00:00,366,2026-05-02T22:45:00+00:00,12,0.31328022480010986,0.42772117257118225,0.4241829514503479,0.7517757415771484,0.6037258505821228,371,374,372.5,2026-05-03T00:00:00+00:00,2026-05-03T00:45:00+00:00,2026-05-03T00:15:00+00:00,4,3,37a6510cac7d5062,32,0.8052069544792175,2026-05-03T01:30:00+00:00,2026-05-03T02:45:00+00:00,"[12, 13, 14, 15, 16, 17, 18, 19]"
AUCTION_USDT_SWAP,377,2026-05-03T01:30:00+00:00,364,2026-05-02T22:15:00+00:00,14,0.2566595673561096,0.3563827574253082,0.47133174538612366,0.7933119535446167,0.5271074771881104,369,374,371.5,2026-05-02T23:30:00+00:00,2026-05-03T00:45:00+00:00,2026-05-03T00:15:00+00:00,6,3,d83ac9af4253393d,16,0.45182284712791443,2026-05-03T01:30:00+00:00,2026-05-03T03:00:00+00:00,"[14, 15, 16, 17, 18]"
AVNT_USDT_SWAP,377,2026-05-03T01:30:00+00:00,365,2026-05-02T22:30:00+00:00,13,0.9735441207885742,0.3921230435371399,0.3869099020957947,0.7754881381988525,0.5976195335388184,370,374,372.0,2026-05-02T23:45:00+00:00,2026-05-03T00:45:00+00:00,2026-05-03T00:15:00+00:00,5,3,4dd10ce9caecc925,65,0.9839612245559692,2026-05-03T01:30:00+00:00,2026-05-03T03:00:00+00:00,"[12, 13, 14, 15, 16, 17, 18, 19]"
AXS_USDT_SWAP,377,2026-05-03T01:30:00+00:00,365,2026-05-02T22:30:00+00:00,13,0.4199848771095276,0.39218127727508545,0.3448869585990906,0.7739843726158142,0.7059449553489685,370,374,372.0,2026-05-02T23:45:00+00:00,2026-05-03T00:45:00+00:00,2026-05-03T00:15:00+00:00,5,3,485598cf3420a290,26,0.929078221321106,2026-05-03T01:30:00+00:00,2026-05-03T02:45:00+00:00,"[13, 14, 15, 16, 17, 18, 19]"
AZTEC_USDT_SWAP,377,2026-05-03T01:30:00+00:00,364,2026-05-02T22:15:00+00:00,14,0.6289722919464111,0.35573500394821167,0.35980406403541565,0.7874523401260376,0.5488808751106262,369,374,371.5,2026-05-02T23:30:00+00:00,2026-05-03T00:45:00+00:00,2026-05-03T00:15:00+00:00,6,3,85b50ce471a0c7cf,46,0.9361792802810669,2026-05-03T01:30:00+00:00,2026-05-03T02:45:00+00:00,"[12, 13, 14, 15, 16, 17, 18, 19]"
ENA_USDT_SWAP,377,2026-05-03T01:30:00+00:00,364,2026-05-02T22:15:00+00:00,14,0.39003604650497437,0.3501926362514496,0.29222652316093445,0.7860041260719299,0.5253461599349976,369,374,371.5,2026-05-02T23:30:00+00:00,2026-05-03T00:45:00+00:00,2026-05-03T00:15:00+00:00,6,3,55c07c70bdb5afb6,29,0.9391013383865356,2026-05-03T01:30:00+00:00,2026-05-03T02:30:00+00:00,"[12, 13, 14, 15, 16, 17, 18, 19]"
GALA_USDT_SWAP,377,2026-05-03T01:30:00+00:00,365,2026-05-02T22:30:00+00:00,13,0.4388923943042755,0.3890741467475891,0.39932718873023987,0.7770699262619019,0.5418410301208496,370,374,372.0,2026-05-02T23:45:00+00:00,2026-05-03T00:45:00+00:00,2026-05-03T00:15:00+00:00,5,3,42ce7fd5f63ef859,47,0.9087461233139038,2026-05-03T01:30:00+00:00,2026-05-03T03:15:00+00:00,"[12, 13, 14, 15, 16, 17, 18, 19]"
HYPE_USDT_SWAP,377,2026-05-03T01:30:00+00:00,364,2026-05-02T22:15:00+00:00,14,0.4064847230911255,0.35498112440109253,0.47179102897644043,0.7890625,0.5497303009033203,369,374,371.5,2026-05-02T23:30:00+00:00,2026-05-03T00:45:00+00:00,2026-05-03T00:15:00+00:00,6,3,0ef0a388f6620eab,25,0.6688674688339233,2026-05-03T01:30:00+00:00,2026-05-03T03:00:00+00:00,"[13, 14, 15, 16, 17, 18, 19]"
H_USDT_SWAP,377,2026-05-03T01:30:00+00:00,364,2026-05-02T22:15:00+00:00,14,0.35602161288261414,0.35300129652023315,0.1914326697587967,0.7881717681884766,0.5627503395080566,369,374,371.5,2026-05-02T23:30:00+00:00,2026-05-03T00:45:00+00:00,2026-05-03T00:15:00+00:00,6,3,ef54e81f2e3ce296,9,0.860365629196167,2026-05-03T01:30:00+00:00,2026-05-03T02:00:00+00:00,"[12, 13, 14, 15]"
ICP_USDT_SWAP,377,2026-05-03T01:30:00+00:00,364,2026-05-02T22:15:00+00:00,14,0.27111005783081055,0.362617552280426,0.4285967946052551,0.790208637714386,0.5359668135643005,369,374,371.5,2026-05-02T23:30:00+00:00,2026-05-03T00:45:00+00:00,2026-05-03T00:15:00+00:00,6,3,4e697a7c6a8bebb2,25,0.8728258609771729,2026-05-03T01:30:00+00:00,2026-05-03T02:45:00+00:00,"[12, 13, 14, 15, 16, 17, 18, 19]"
MAGIC_USDT_SWAP,377,2026-05-03T01:30:00+00:00,366,2026-05-02T22:45:00+00:00,12,0.7637239694595337,0.42658811807632446,0.3998470604419708,0.7532714605331421,0.5051316618919373,371,374,372.5,2026-05-03T00:00:00+00:00,2026-05-03T00:45:00+00:00,2026-05-03T00:15:00+00:00,4,3,884ee0f886d34a53,64,0.948258638381958,2026-05-03T01:30:00+00:00,2026-05-03T03:00:00+00:00,"[12, 13, 14, 15, 16, 17, 18, 19]"
PUMP_USDT_SWAP,377,2026-05-03T01:30:00+00:00,366,2026-05-02T22:45:00+00:00,12,0.6149439811706543,0.4263010621070862,0.43190303444862366,0.7543782591819763,0.5861735939979553,371,374,372.5,2026-05-03T00:00:00+00:00,2026-05-03T00:45:00+00:00,2026-05-03T00:15:00+00:00,4,3,d7fcc0c152e57add,56,0.9332776069641113,2026-05-03T01:30:00+00:00,2026-05-03T03:00:00+00:00,"[12, 13, 14, 15, 16, 17, 18, 19]"
SIGN_USDT_SWAP,377,2026-05-03T01:30:00+00:00,365,2026-05-02T22:30:00+00:00,13,0.5647168755531311,0.3894670605659485,0.3673178255558014,0.7744700908660889,0.6281571984291077,370,374,372.0,2026-05-02T23:45:00+00:00,2026-05-03T00:45:00+00:00,2026-05-03T00:15:00+00:00,5,3,993c1d9cc7f15f19,47,0.9629824161529541,2026-05-03T01:30:00+00:00,2026-05-03T03:00:00+00:00,"[12, 13, 14, 15, 16, 17, 18, 19]"
STABLE_USDT_SWAP,377,2026-05-03T01:30:00+00:00,364,2026-05-02T22:15:00+00:00,14,0.594988226890564,0.34504860639572144,0.4903348386287689,0.7886766195297241,0.6491118669509888,368,374,371.0,2026-05-02T23:15:00+00:00,2026-05-03T00:45:00+00:00,2026-05-03T00:00:00+00:00,7,3,8d5619d6cc5e7e19,7,0.594988226890564,2026-05-03T01:30:00+00:00,2026-05-03T01:45:00+00:00,"[14, 15, 16, 17, 19]"
SYRUP_USDT_SWAP,377,2026-05-03T01:30:00+00:00,359,2026-05-02T21:00:00+00:00,19,0.2534353733062744,0.3479740023612976,0.3710925877094269,0.7724334597587585,0.5352641344070435,365,373,369.0,2026-05-02T22:30:00+00:00,2026-05-03T00:30:00+00:00,2026-05-02T23:30:00+00:00,9,4,4000ff6b59b6ea9a,5,0.4125937223434448,2026-05-03T01:30:00+00:00,2026-05-03T02:00:00+00:00,"[14, 15, 16, 19]"
TRUTH_USDT_SWAP,377,2026-05-03T01:30:00+00:00,364,2026-05-02T22:15:00+00:00,14,0.5199849009513855,0.3413757085800171,0.34696877002716064,0.7900761961936951,0.6036717891693115,368,374,371.0,2026-05-02T23:15:00+00:00,2026-05-03T00:45:00+00:00,2026-05-03T00:00:00+00:00,7,3,356c0a136ce941cf,29,0.9018885493278503,2026-05-03T01:30:00+00:00,2026-05-03T02:45:00+00:00,"[12, 13, 14, 15, 16, 17, 18, 19]"
WIF_USDT_SWAP,377,2026-05-03T01:30:00+00:00,366,2026-05-02T22:45:00+00:00,12,0.6681879758834839,0.42791953682899475,0.42324507236480713,0.7510579824447632,0.554256796836853,371,374,372.5,2026-05-03T00:00:00+00:00,2026-05-03T00:45:00+00:00,2026-05-03T00:15:00+00:00,4,3,b441cad33f54c6e2,60,0.9310029149055481,2026-05-03T01:30:00+00:00,2026-05-03T03:00:00+00:00,"[12, 13, 14, 15, 16, 17, 18, 19]"
XLM_USDT_SWAP,377,2026-05-03T01:30:00+00:00,365,2026-05-02T22:30:00+00:00,13,0.7190796136856079,0.38697153329849243,0.44301947951316833,0.7726721167564392,0.5283746123313904,370,374,372.0,2026-05-02T23:45:00+00:00,2026-05-03T00:45:00+00:00,2026-05-03T00:15:00+00:00,5,3,b3dcfa309264bbce,67,0.9374909400939941,2026-05-03T01:30:00+00:00,2026-05-03T03:00:00+00:00,"[12, 13, 14, 15, 16, 17, 18, 19]"
XRP_USDT_SWAP,377,2026-05-03T01:30:00+00:00,361,2026-05-02T21:30:00+00:00,17,0.4081976115703583,0.3572012782096863,0.44132182002067566,0.7670373320579529,0.5376919507980347,367,373,370.0,2026-05-02T23:00:00+00:00,2026-05-03T00:30:00+00:00,2026-05-02T23:45:00+00:00,7,4,559e8b04ecc7bbb6,29,0.8413187861442566,2026-05-03T01:30:00+00:00,2026-05-03T02:15:00+00:00,"[12, 13, 14, 15, 16, 17, 18, 19]"
XTZ_USDT_SWAP,377,2026-05-03T01:30:00+00:00,365,2026-05-02T22:30:00+00:00,13,0.6130156517028809,0.3979441523551941,0.4546913206577301,0.7737042903900146,0.5679765939712524,370,374,372.0,2026-05-02T23:45:00+00:00,2026-05-03T00:45:00+00:00,2026-05-03T00:15:00+00:00,5,3,7509c2f2dd1cf5d5,60,0.9270761013031006,2026-05-03T01:30:00+00:00,2026-05-03T03:00:00+00:00,"[12, 13, 14, 15, 16, 17, 18, 19]"
ZEN_USDT_SWAP,377,2026-05-03T01:30:00+00:00,364,2026-05-02T22:15:00+00:00,14,0.3852401673793793,0.3616212010383606,0.3603834807872772,0.7893316745758057,0.6159063577651978,369,374,371.5,2026-05-02T23:30:00+00:00,2026-05-03T00:45:00+00:00,2026-05-03T00:15:00+00:00,6,3,eaa1179bd801da76,27,0.752967119216919,2026-05-03T01:30:00+00:00,2026-05-03T03:00:00+00:00,"[13, 14, 15, 16, 17, 18, 19]"
ZRO_USDT_SWAP,377,2026-05-03T01:30:00+00:00,364,2026-05-02T22:15:00+00:00,14,0.5245676040649414,0.3614601194858551,0.32409384846687317,0.7867612242698669,0.6060365438461304,369,374,371.5,2026-05-02T23:30:00+00:00,2026-05-03T00:45:00+00:00,2026-05-03T00:15:00+00:00,6,3,63445da6bdb16b13,25,0.9297035336494446,2026-05-03T01:30:00+00:00,2026-05-03T02:45:00+00:00,"[13, 14, 15, 16, 17, 18, 19]"
AERO_USDT_SWAP,378,2026-05-03T01:45:00+00:00,367,2026-05-02T23:00:00+00:00,12,0.7066456079483032,0.4223557114601135,0.4423877000808716,0.7545539736747742,0.5668860077857971,372,375,373.5,2026-05-03T00:15:00+00:00,2026-05-03T01:00:00+00:00,2026-05-03T00:45:00+00:00,4,3,0e17bb026d5361cd,64,0.9413799047470093,2026-05-03T01:45:00+00:00,2026-05-03T03:30:00+00:00,"[12, 13, 14, 15, 16, 17, 18, 19]"
AGLD_USDT_SWAP,378,2026-05-03T01:45:00+00:00,364,2026-05-02T22:15:00+00:00,15,0.720070481300354,0.3417679965496063,0.3646109998226166,0.805566132068634,0.6105083227157593,369,375,372.0,2026-05-02T23:30:00+00:00,2026-05-03T01:00:00+00:00,2026-05-03T00:15:00+00:00,7,3,3515c53913adaa43,32,0.7751342058181763,2026-05-03T01:45:00+00:00,2026-05-03T03:00:00+00:00,"[13, 14, 15, 16, 17, 18, 19]"
ANIME_USDT_SWAP,378,2026-05-03T01:45:00+00:00,365,2026-05-02T22:30:00+00:00,14,0.5612850189208984,0.336691677570343,0.39075684547424316,0.7854194641113281,0.5768360495567322,369,375,372.0,2026-05-02T23:30:00+00:00,2026-05-03T01:00:00+00:00,2026-05-03T00:15:00+00:00,7,3,1edafa2e8373c973,32,0.8587618470191956,2026-05-03T01:45:00+00:00,2026-05-03T03:00:00+00:00,"[13, 14, 15, 16, 17, 18, 19]"
APT_USDT_SWAP,378,2026-05-03T01:45:00+00:00,367,2026-05-02T23:00:00+00:00,12,0.8053430914878845,0.4265369772911072,0.33013543486595154,0.7511422634124756,0.5337443351745605,372,375,373.5,2026-05-03T00:15:00+00:00,2026-05-03T01:00:00+00:00,2026-05-03T00:45:00+00:00,4,3,12494e51a9c9f02e,57,0.9603328108787537,2026-05-03T01:45:00+00:00,2026-05-03T03:15:00+00:00,"[12, 13, 14, 15, 16, 17, 18, 19]"
ATH_USDT_SWAP,378,2026-05-03T01:45:00+00:00,364,2026-05-02T22:15:00+00:00,15,0.44864049553871155,0.3418366611003876,0.3493155539035797,0.8049849271774292,0.5672564506530762,369,375,372.0,2026-05-02T23:30:00+00:00,2026-05-03T01:00:00+00:00,2026-05-03T00:15:00+00:00,7,3,84e6dee8d08dc8a3,34,0.905613899230957,2026-05-03T01:45:00+00:00,2026-05-03T03:00:00+00:00,"[13, 14, 15, 16, 17, 18, 19]"
AVAX_USDT_SWAP,378,2026-05-03T01:45:00+00:00,364,2026-05-02T22:15:00+00:00,15,0.2880491614341736,0.3417683243751526,0.4092124402523041,0.8058134317398071,0.5776746273040771,369,375,372.0,2026-05-02T23:30:00+00:00,2026-05-03T01:00:00+00:00,2026-05-03T00:15:00+00:00,7,3,fa60f8144792c87f,27,0.8449746370315552,2026-05-03T01:45:00+00:00,2026-05-03T03:00:00+00:00,"[13, 14, 15, 16, 17, 18, 19]"
BAT_USDT_SWAP,378,2026-05-03T01:45:00+00:00,364,2026-05-02T22:15:00+00:00,15,0.31696245074272156,0.3417883515357971,0.40234988927841187,0.8051468729972839,0.5451318025588989,369,375,372.0,2026-05-02T23:30:00+00:00,2026-05-03T01:00:00+00:00,2026-05-03T00:15:00+00:00,7,3,a3323155d6459793,29,0.7074640989303589,2026-05-03T01:45:00+00:00,2026-05-03T03:15:00+00:00,"[13, 14, 15, 16, 17, 18, 19]"
BLUR_USDT_SWAP,378,2026-05-03T01:45:00+00:00,367,2026-05-02T23:00:00+00:00,12,0.2683725357055664,0.43080487847328186,0.508373498916626,0.7501018047332764,0.7444568276405334,372,375,373.5,2026-05-03T00:15:00+00:00,2026-05-03T01:00:00+00:00,2026-05-03T00:45:00+00:00,4,3,bb5c72b7bd2a5741,38,0.9335050582885742,2026-05-03T01:45:00+00:00,2026-05-03T03:15:00+00:00,"[12, 13, 14, 15, 16, 17, 18, 19]"
BONK_USDT_SWAP,378,2026-05-03T01:45:00+00:00,365,2026-05-02T22:30:00+00:00,14,0.3256084620952606,0.3537207245826721,0.3939652740955353,0.7887949347496033,0.5592941045761108,370,375,372.5,2026-05-02T23:45:00+00:00,2026-05-03T01:00:00+00:00,2026-05-03T00:15:00+00:00,6,3,cdb08268b052f8fb,34,0.8920614719390869,2026-05-03T01:45:00+00:00,2026-05-03T03:00:00+00:00,"[13, 14, 15, 16, 17, 18, 19]"
DOGE_USDT_SWAP,378,2026-05-03T01:45:00+00:00,366,2026-05-02T22:45:00+00:00,13,0.6466676592826843,0.39715367555618286,0.44997110962867737,0.7720271348953247,0.5671445727348328,371,375,373.0,2026-05-03T00:00:00+00:00,2026-05-03T01:00:00+00:00,2026-05-03T00:30:00+00:00,5,3,49f2349c7e48fea2,66,0.9314189553260803,2026-05-03T01:45:00+00:00,2026-05-03T03:15:00+00:00,"[12, 13, 14, 15, 16, 17, 18, 19]"
DOOD_USDT_SWAP,378,2026-05-03T01:45:00+00:00,365,2026-05-02T22:30:00+00:00,14,0.2654833197593689,0.3592217266559601,0.3883095979690552,0.7900463342666626,0.5954723358154297,370,375,372.5,2026-05-02T23:45:00+00:00,2026-05-03T01:00:00+00:00,2026-05-03T00:15:00+00:00,6,3,e9869f733e620c63,21,0.8483253121376038,2026-05-03T01:45:00+00:00,2026-05-03T03:00:00+00:00,"[13, 14, 15, 16, 17, 19]"
FARTCOIN_USDT_SWAP,378,2026-05-03T01:45:00+00:00,365,2026-05-02T22:30:00+00:00,14,0.4235660433769226,0.3313438296318054,0.3730832040309906,0.7857845425605774,0.618759274482727,369,375,372.0,2026-05-02T23:30:00+00:00,2026-05-03T01:00:00+00:00,2026-05-03T00:15:00+00:00,7,3,4f33dd169d3920e9,26,0.9370436668395996,2026-05-03T01:45:00+00:00,2026-05-03T02:45:00+00:00,"[12, 13, 14, 15, 16, 17, 18, 19]"
GAS_USDT_SWAP,378,2026-05-03T01:45:00+00:00,367,2026-05-02T23:00:00+00:00,12,0.6651854515075684,0.4254551827907562,0.42726555466651917,0.7503885626792908,0.5340722799301147,372,375,373.5,2026-05-03T00:15:00+00:00,2026-05-03T01:00:00+00:00,2026-05-03T00:45:00+00:00,4,3,462c0fa35ab6148a,63,0.9208859801292419,2026-05-03T01:45:00+00:00,2026-05-03T03:15:00+00:00,"[12, 13, 14, 15, 16, 17, 18, 19]"
LINEA_USDT_SWAP,378,2026-05-03T01:45:00+00:00,365,2026-05-02T22:30:00+00:00,14,0.8408545255661011,0.3574052155017853,0.386216938495636,0.7845035791397095,0.5663543939590454,370,375,372.5,2026-05-02T23:45:00+00:00,2026-05-03T01:00:00+00:00,2026-05-03T00:15:00+00:00,6,3,b2b11717cddd625b,53,0.9469043016433716,2026-05-03T01:45:00+00:00,2026-05-03T03:00:00+00:00,"[12, 13, 14, 15, 16, 17, 18, 19]"
LINK_USDT_SWAP,378,2026-05-03T01:45:00+00:00,365,2026-05-02T22:30:00+00:00,14,0.2549227178096771,0.3586774170398712,0.44392675161361694,0.788067102432251,0.5669152736663818,370,375,372.5,2026-05-02T23:45:00+00:00,2026-05-03T01:00:00+00:00,2026-05-03T00:15:00+00:00,6,3,b7187b17e3e20366,16,0.6719650030136108,2026-05-03T01:45:00+00:00,2026-05-03T03:00:00+00:00,"[14, 15, 16, 17]"
MEME_USDT_SWAP,378,2026-05-03T01:45:00+00:00,365,2026-05-02T22:30:00+00:00,14,0.48739272356033325,0.36629894375801086,0.3908088803291321,0.78804612159729,0.5957772135734558,370,375,372.5,2026-05-02T23:45:00+00:00,2026-05-03T01:00:00+00:00,2026-05-03T00:15:00+00:00,6,3,21823bf8f80069b5,35,0.8436370491981506,2026-05-03T01:45:00+00:00,2026-05-03T03:00:00+00:00,"[13, 14, 15, 16, 17, 18, 19]"
ONT_USDT_SWAP,378,2026-05-03T01:45:00+00:00,367,2026-05-02T23:00:00+00:00,12,0.3979608118534088,0.42606520652770996,0.44288140535354614,0.7488973140716553,0.5879266262054443,372,375,373.5,2026-05-03T00:15:00+00:00,2026-05-03T01:00:00+00:00,2026-05-03T00:45:00+00:00,4,3,b3e9cf39fe40f578,60,0.9417561292648315,2026-05-03T01:45:00+00:00,2026-05-03T03:45:00+00:00,"[12, 13, 14, 15, 16, 17, 18, 19]"
PEOPLE_USDT_SWAP,378,2026-05-03T01:45:00+00:00,365,2026-05-02T22:30:00+00:00,14,0.5497514605522156,0.36168572306632996,0.37712129950523376,0.7883123159408569,0.5904823541641235,370,375,372.5,2026-05-02T23:45:00+00:00,2026-05-03T01:00:00+00:00,2026-05-03T00:15:00+00:00,6,3,f986c388ecae7044,33,0.8935985565185547,2026-05-03T01:45:00+00:00,2026-05-03T03:00:00+00:00,"[13, 14, 15, 16, 17, 18, 19]"
SUI_USDT_SWAP,378,2026-05-03T01:45:00+00:00,365,2026-05-02T22:30:00+00:00,14,0.4830862283706665,0.3626740276813507,0.42329850792884827,0.7867035269737244,0.5703223943710327,370,375,372.5,2026-05-02T23:45:00+00:00,2026-05-03T01:00:00+00:00,2026-05-03T00:15:00+00:00,6,3,46f3ccb0d91a8d61,38,0.7950084805488586,2026-05-03T01:45:00+00:00,2026-05-03T03:15:00+00:00,"[13, 14, 15, 16, 17, 18, 19]"
W_USDT_SWAP,378,2026-05-03T01:45:00+00:00,365,2026-05-02T22:30:00+00:00,14,0.4158482551574707,0.36403053998947144,0.37574777007102966,0.7846297025680542,0.5997449159622192,370,375,372.5,2026-05-02T23:45:00+00:00,2026-05-03T01:00:00+00:00,2026-05-03T00:15:00+00:00,6,3,f4de36e689283d2a,33,0.8729808926582336,2026-05-03T01:45:00+00:00,2026-05-03T03:00:00+00:00,"[13, 14, 15, 16, 17, 18, 19]"
AAVE_USDT_SWAP,379,2026-05-03T02:00:00+00:00,364,2026-05-02T22:15:00+00:00,16,0.34458449482917786,0.3104534149169922,0.41499102115631104,0.7512931227684021,0.633145272731781,369,375,372.0,2026-05-02T23:30:00+00:00,2026-05-03T01:00:00+00:00,2026-05-03T00:15:00+00:00,7,4,32b03238a3b926df,15,0.7656126022338867,2026-05-03T02:00:00+00:00,2026-05-03T03:00:00+00:00,"[13, 14, 15, 16, 17, 18, 19]"
ADA_USDT_SWAP,379,2026-05-03T02:00:00+00:00,363,2026-05-02T22:00:00+00:00,17,0.2898767292499542,0.3557446599006653,0.4189356863498688,0.7645675539970398,0.5576538443565369,369,375,372.0,2026-05-02T23:30:00+00:00,2026-05-03T01:00:00+00:00,2026-05-03T00:15:00+00:00,7,4,39d2794d81422783,23,0.8080618381500244,2026-05-03T02:00:00+00:00,2026-05-03T03:00:00+00:00,"[13, 14, 15, 16, 17, 18, 19]"
A_USDT_SWAP,379,2026-05-03T02:00:00+00:00,366,2026-05-02T22:45:00+00:00,14,0.4783318042755127,0.36062902212142944,0.3896442949771881,0.790178656578064,0.6588436365127563,371,376,373.5,2026-05-03T00:00:00+00:00,2026-05-03T01:15:00+00:00,2026-05-03T00:45:00+00:00,6,3,f040520649e6cb53,19,0.7290348410606384,2026-05-03T02:00:00+00:00,2026-05-03T03:30:00+00:00,"[13, 14, 15, 16, 17, 18, 19]"
BERA_USDT_SWAP,379,2026-05-03T02:00:00+00:00,366,2026-05-02T22:45:00+00:00,14,0.2695487141609192,0.35953524708747864,0.3761914074420929,0.7890276312828064,0.586848258972168,371,376,373.5,2026-05-03T00:00:00+00:00,2026-05-03T01:15:00+00:00,2026-05-03T00:45:00+00:00,6,3,c3d5c30cc2c1e4a8,17,0.6543702483177185,2026-05-03T02:00:00+00:00,2026-05-03T03:15:00+00:00,"[14, 15, 16, 17, 18]"
CELO_USDT_SWAP,379,2026-05-03T02:00:00+00:00,366,2026-05-02T22:45:00+00:00,14,0.7492133975028992,0.3563161790370941,0.3475989103317261,0.7865432500839233,0.5976442694664001,371,376,373.5,2026-05-03T00:00:00+00:00,2026-05-03T01:15:00+00:00,2026-05-03T00:45:00+00:00,6,3,11a958fef1f43255,34,0.9024044275283813,2026-05-03T02:00:00+00:00,2026-05-03T03:15:00+00:00,"[13, 14, 15, 16, 17, 18, 19]"
CHZ_USDT_SWAP,379,2026-05-03T02:00:00+00:00,368,2026-05-02T23:15:00+00:00,12,0.9711333513259888,0.4265053868293762,0.33770012855529785,0.7481464147567749,0.7741586565971375,373,376,374.5,2026-05-03T00:30:00+00:00,2026-05-03T01:15:00+00:00,2026-05-03T00:45:00+00:00,4,3,ba690fe7f5566d5a,74,0.9711333513259888,2026-05-03T02:00:00+00:00,2026-05-03T03:45:00+00:00,"[12, 13, 14, 15, 16, 17, 18, 19]"
ETC_USDT_SWAP,379,2026-05-03T02:00:00+00:00,366,2026-05-02T22:45:00+00:00,14,0.6249454617500305,0.35279446840286255,0.42038679122924805,0.7905396819114685,0.5622349381446838,371,376,373.5,2026-05-03T00:00:00+00:00,2026-05-03T01:15:00+00:00,2026-05-03T00:45:00+00:00,6,3,aa3c85497bb6bd7f,42,0.7349662184715271,2026-05-03T02:00:00+00:00,2026-05-03T03:15:00+00:00,"[13, 14, 15, 16, 17, 18, 19]"
FIL_USDT_SWAP,379,2026-05-03T02:00:00+00:00,364,2026-05-02T22:15:00+00:00,16,0.5177221894264221,0.31153061985969543,0.3298637568950653,0.749782145023346,0.5570980310440063,369,375,372.0,2026-05-02T23:30:00+00:00,2026-05-03T01:00:00+00:00,2026-05-03T00:15:00+00:00,7,4,78d5f283155d042b,14,0.5961730480194092,2026-05-03T02:00:00+00:00,2026-05-03T02:45:00+00:00,"[13, 14, 15, 16, 17]"
GLM_USDT_SWAP,379,2026-05-03T02:00:00+00:00,366,2026-05-02T22:45:00+00:00,14,0.4107891917228699,0.356842041015625,0.451143741607666,0.7920678853988647,0.5383298993110657,371,376,373.5,2026-05-03T00:00:00+00:00,2026-05-03T01:15:00+00:00,2026-05-03T00:45:00+00:00,6,3,4e2bc6a4d172c3df,46,0.9285652041435242,2026-05-03T02:00:00+00:00,2026-05-03T03:15:00+00:00,"[12, 13, 14, 15, 16, 17, 18, 19]"
HBAR_USDT_SWAP,379,2026-05-03T02:00:00+00:00,366,2026-05-02T22:45:00+00:00,14,0.32356804609298706,0.3561372458934784,0.4220467507839203,0.7893169522285461,0.5293931365013123,371,376,373.5,2026-05-03T00:00:00+00:00,2026-05-03T01:15:00+00:00,2026-05-03T00:45:00+00:00,6,3,3463524ef1b9d6f9,36,0.8606115579605103,2026-05-03T02:00:00+00:00,2026-05-03T03:15:00+00:00,"[13, 14, 15, 16, 17, 18, 19]"
NEO_USDT_SWAP,379,2026-05-03T02:00:00+00:00,366,2026-05-02T22:45:00+00:00,14,0.44637852907180786,0.3520810008049011,0.41776561737060547,0.7883296608924866,0.5448495149612427,371,376,373.5,2026-05-03T00:00:00+00:00,2026-05-03T01:15:00+00:00,2026-05-03T00:45:00+00:00,6,3,af296aac198369fb,33,0.8488826155662537,2026-05-03T02:00:00+00:00,2026-05-03T03:15:00+00:00,"[13, 14, 15, 16, 17, 18, 19]"
OFC_USDT_SWAP,379,2026-05-03T02:00:00+00:00,367,2026-05-02T23:00:00+00:00,13,0.6840559840202332,0.3906206786632538,0.16847661137580872,0.7701489925384521,0.8688966631889343,372,376,374.0,2026-05-03T00:15:00+00:00,2026-05-03T01:15:00+00:00,2026-05-03T00:45:00+00:00,5,3,b9592732fb2d0cc1,18,0.8554937243461609,2026-05-03T02:00:00+00:00,2026-05-03T02:30:00+00:00,"[12, 13, 14, 15, 16, 17, 18, 19]"
ORCL_USDT_SWAP,379,2026-05-03T02:00:00+00:00,365,2026-05-02T22:30:00+00:00,15,0.32363471388816833,0.3433372676372528,0.39550599455833435,0.8058754205703735,0.4688320457935333,370,376,373.0,2026-05-02T23:45:00+00:00,2026-05-03T01:15:00+00:00,2026-05-03T00:30:00+00:00,7,3,1f6b43318eacb2b2,39,0.740772008895874,2026-05-03T02:00:00+00:00,2026-05-03T03:45:00+00:00,"[12, 13, 14, 15, 16, 17, 18, 19]"
PARTI_USDT_SWAP,379,2026-05-03T02:00:00+00:00,366,2026-05-02T22:45:00+00:00,14,0.28343600034713745,0.35558345913887024,0.3851242959499359,0.7929685115814209,0.5699478983879089,371,376,373.5,2026-05-03T00:00:00+00:00,2026-05-03T01:15:00+00:00,2026-05-03T00:45:00+00:00,6,3,8a880dfd7226801c,7,0.4999953508377075,2026-05-03T02:00:00+00:00,2026-05-03T02:45:00+00:00,"[14, 15, 16, 17]"
PEPE_USDT_SWAP,379,2026-05-03T02:00:00+00:00,366,2026-05-02T22:45:00+00:00,14,0.4813935458660126,0.36050283908843994,0.3793448209762573,0.7905985116958618,0.5995419025421143,371,376,373.5,2026-05-03T00:00:00+00:00,2026-05-03T01:15:00+00:00,2026-05-03T00:45:00+00:00,6,3,6f018b8dcedffd24,31,0.7116356492042542,2026-05-03T02:00:00+00:00,2026-05-03T03:30:00+00:00,"[13, 14, 15, 16, 17, 18, 19]"
QTUM_USDT_SWAP,379,2026-05-03T02:00:00+00:00,366,2026-05-02T22:45:00+00:00,14,0.5172491669654846,0.336135596036911,0.4202333390712738,0.786325991153717,0.5498864650726318,370,376,373.0,2026-05-02T23:45:00+00:00,2026-05-03T01:15:00+00:00,2026-05-03T00:30:00+00:00,7,3,2b67464b0a96e2ba,35,0.8632416725158691,2026-05-03T02:00:00+00:00,2026-05-03T03:00:00+00:00,"[12, 13, 14, 15, 16, 17, 18, 19]"
RVN_USDT_SWAP,379,2026-05-03T02:00:00+00:00,363,2026-05-02T22:00:00+00:00,17,0.44545143842697144,0.3547893464565277,0.3859657943248749,0.7672103643417358,0.5479606986045837,369,375,372.0,2026-05-02T23:30:00+00:00,2026-05-03T01:00:00+00:00,2026-05-03T00:15:00+00:00,7,4,cd207ee789191974,15,0.47629842162132263,2026-05-03T02:00:00+00:00,2026-05-03T03:00:00+00:00,"[14, 15, 16, 17, 19]"
SOL_USDT_SWAP,379,2026-05-03T02:00:00+00:00,364,2026-05-02T22:15:00+00:00,16,0.38773900270462036,0.3127559721469879,0.42204102873802185,0.7513534426689148,0.5520089864730835,369,375,372.0,2026-05-02T23:30:00+00:00,2026-05-03T01:00:00+00:00,2026-05-03T00:15:00+00:00,7,4,ca0a0eff5a9ce655,22,0.6527485251426697,2026-05-03T02:00:00+00:00,2026-05-03T02:45:00+00:00,"[13, 14, 15, 16, 17, 18, 19]"
SPX_USDT_SWAP,379,2026-05-03T02:00:00+00:00,366,2026-05-02T22:45:00+00:00,14,0.28610894083976746,0.36351385712623596,0.39137279987335205,0.7910671234130859,0.6411426663398743,371,376,373.5,2026-05-03T00:00:00+00:00,2026-05-03T01:15:00+00:00,2026-05-03T00:45:00+00:00,6,3,55c5ef249b332fc5,15,0.7734364867210388,2026-05-03T02:00:00+00:00,2026-05-03T03:15:00+00:00,"[14, 15, 16, 17, 18, 19]"
WCT_USDT_SWAP,379,2026-05-03T02:00:00+00:00,366,2026-05-02T22:45:00+00:00,14,0.38891762495040894,0.3558920621871948,0.34086522459983826,0.7902222871780396,0.6129490733146667,371,376,373.5,2026-05-03T00:00:00+00:00,2026-05-03T01:15:00+00:00,2026-05-03T00:45:00+00:00,6,3,3ba55d5a0c4396e2,32,0.9638011455535889,2026-05-03T02:00:00+00:00,2026-05-03T03:15:00+00:00,"[12, 13, 14, 15, 16, 17, 18, 19]"
WOO_USDT_SWAP,379,2026-05-03T02:00:00+00:00,366,2026-05-02T22:45:00+00:00,14,0.5280817151069641,0.35606107115745544,0.4206925928592682,0.7869623899459839,0.5537388920783997,371,376,373.5,2026-05-03T00:00:00+00:00,2026-05-03T01:15:00+00:00,2026-05-03T00:45:00+00:00,6,3,5fed4d0aede775df,37,0.7831729054450989,2026-05-03T02:00:00+00:00,2026-05-03T03:15:00+00:00,"[13, 14, 15, 16, 17, 18, 19]"
YFI_USDT_SWAP,379,2026-05-03T02:00:00+00:00,366,2026-05-02T22:45:00+00:00,14,0.36258286237716675,0.35018041729927063,0.4135369658470154,0.7903710603713989,0.5424060821533203,371,376,373.5,2026-05-03T00:00:00+00:00,2026-05-03T01:15:00+00:00,2026-05-03T00:45:00+00:00,6,3,d05dddd7a598eb29,37,0.8218031525611877,2026-05-03T02:00:00+00:00,2026-05-03T03:15:00+00:00,"[13, 14, 15, 16, 17, 18, 19]"
BNB_USDT_SWAP,380,2026-05-03T02:15:00+00:00,367,2026-05-02T23:00:00+00:00,14,0.5112755298614502,0.35094183683395386,0.4732380211353302,0.7890375852584839,0.535854160785675,372,377,374.5,2026-05-03T00:15:00+00:00,2026-05-03T01:30:00+00:00,2026-05-03T00:45:00+00:00,6,3,69422405ab096bba,45,0.613563597202301,2026-05-03T02:15:00+00:00,2026-05-03T03:45:00+00:00,"[13, 14, 15, 16, 17, 18, 19]"
FLOKI_USDT_SWAP,380,2026-05-03T02:15:00+00:00,368,2026-05-02T23:15:00+00:00,13,0.8669924736022949,0.3888656497001648,0.36629340052604675,0.7742248773574829,0.5582941174507141,373,377,375.0,2026-05-03T00:30:00+00:00,2026-05-03T01:30:00+00:00,2026-05-03T01:00:00+00:00,5,3,bc49fc1665af04ca,52,0.9576484560966492,2026-05-03T02:15:00+00:00,2026-05-03T03:30:00+00:00,"[12, 13, 14, 15, 16, 17, 18, 19]"
IOTA_USDT_SWAP,380,2026-05-03T02:15:00+00:00,367,2026-05-02T23:00:00+00:00,14,0.43292197585105896,0.363098680973053,0.41975295543670654,0.7840138673782349,0.6042997241020203,372,377,374.5,2026-05-03T00:15:00+00:00,2026-05-03T01:30:00+00:00,2026-05-03T00:45:00+00:00,6,3,f0858cc4e17d36d5,25,0.6876729130744934,2026-05-03T02:15:00+00:00,2026-05-03T03:30:00+00:00,"[13, 14, 15, 16, 17, 18, 19]"
JUP_USDT_SWAP,380,2026-05-03T02:15:00+00:00,367,2026-05-02T23:00:00+00:00,14,0.35665613412857056,0.3573140501976013,0.38484442234039307,0.7848091125488281,0.5878614783287048,372,377,374.5,2026-05-03T00:15:00+00:00,2026-05-03T01:30:00+00:00,2026-05-03T00:45:00+00:00,6,3,b420b0f1b90061cf,37,0.8295870423316956,2026-05-03T02:15:00+00:00,2026-05-03T03:30:00+00:00,"[13, 14, 15, 16, 17, 18, 19]"
LQTY_USDT_SWAP,380,2026-05-03T02:15:00+00:00,367,2026-05-02T23:00:00+00:00,14,0.33193668723106384,0.3467203378677368,0.4070579707622528,0.7842605710029602,0.6892547011375427,371,377,374.0,2026-05-03T00:00:00+00:00,2026-05-03T01:30:00+00:00,2026-05-03T00:45:00+00:00,7,3,951341590ea156ab,22,0.7509452104568481,2026-05-03T02:15:00+00:00,2026-05-03T03:30:00+00:00,"[13, 14, 15, 16, 17, 18, 19]"
NMR_USDT_SWAP,380,2026-05-03T02:15:00+00:00,368,2026-05-02T23:15:00+00:00,13,0.7576931715011597,0.3925339877605438,0.4393065273761749,0.7709031701087952,0.6144246459007263,373,377,375.0,2026-05-03T00:30:00+00:00,2026-05-03T01:30:00+00:00,2026-05-03T01:00:00+00:00,5,3,5a82d5a05383a341,40,0.9410723447799683,2026-05-03T02:15:00+00:00,2026-05-03T03:45:00+00:00,"[13, 14, 15, 16, 17, 18, 19]"
PI_USDT_SWAP,380,2026-05-03T02:15:00+00:00,367,2026-05-02T23:00:00+00:00,14,0.4028346836566925,0.358815461397171,0.3701912462711334,0.7872974872589111,0.6238235235214233,372,377,374.5,2026-05-03T00:15:00+00:00,2026-05-03T01:30:00+00:00,2026-05-03T00:45:00+00:00,6,3,d6624fbac8b43065,8,0.43593841791152954,2026-05-03T02:15:00+00:00,2026-05-03T03:00:00+00:00,"[13, 14, 15, 16, 17]"
SPK_USDT_SWAP,380,2026-05-03T02:15:00+00:00,367,2026-05-02T23:00:00+00:00,14,0.29702937602996826,0.3501952290534973,0.19957797229290009,0.7955461144447327,0.7235975861549377,372,377,374.5,2026-05-03T00:15:00+00:00,2026-05-03T01:30:00+00:00,2026-05-03T00:45:00+00:00,6,3,753d96fb0a4d308b,30,0.8848403692245483,2026-05-03T02:15:00+00:00,2026-05-03T03:45:00+00:00,"[12, 13, 14, 15, 16, 17, 19]"
SYRUP_USDT_SWAP,380,2026-05-03T02:15:00+00:00,367,2026-05-02T23:00:00+00:00,14,0.4489203989505768,0.35561856627464294,0.46155932545661926,0.7891412973403931,0.6238898038864136,372,377,374.5,2026-05-03T00:15:00+00:00,2026-05-03T01:30:00+00:00,2026-05-03T00:45:00+00:00,6,3,7f8e33f0177ddae0,15,0.472744345664978,2026-05-03T02:15:00+00:00,2026-05-03T03:45:00+00:00,"[14, 16, 17, 18, 19]"
TRUST_USDT_SWAP,380,2026-05-03T02:15:00+00:00,367,2026-05-02T23:00:00+00:00,14,0.3558647334575653,0.3571547865867615,0.41573628783226013,0.7884464859962463,0.6091432571411133,372,377,374.5,2026-05-03T00:15:00+00:00,2026-05-03T01:30:00+00:00,2026-05-03T00:45:00+00:00,6,3,4b2b7dca92eb57a7,18,0.6545550227165222,2026-05-03T02:15:00+00:00,2026-05-03T03:30:00+00:00,"[13, 14, 15, 16, 17, 18, 19]"
BARD_USDT_SWAP,381,2026-05-03T02:30:00+00:00,369,2026-05-02T23:30:00+00:00,13,0.27735188603401184,0.39412441849708557,0.4063469469547272,0.7650144696235657,0.6328746676445007,374,378,376.0,2026-05-03T00:45:00+00:00,2026-05-03T01:45:00+00:00,2026-05-03T01:15:00+00:00,5,3,770a95aee122be15,15,0.6098458766937256,2026-05-03T02:30:00+00:00,2026-05-03T03:15:00+00:00,"[13, 14, 15, 16, 17, 18, 19]"
BICO_USDT_SWAP,381,2026-05-03T02:30:00+00:00,368,2026-05-02T23:15:00+00:00,14,0.5555751323699951,0.35361531376838684,0.32140201330184937,0.7867425680160522,0.5908429026603699,373,378,375.5,2026-05-03T00:30:00+00:00,2026-05-03T01:45:00+00:00,2026-05-03T01:15:00+00:00,6,3,0755f23e1c22cc2b,26,0.7557061910629272,2026-05-03T02:30:00+00:00,2026-05-03T03:45:00+00:00,"[13, 14, 15, 16, 17, 18, 19]"
CRO_USDT_SWAP,381,2026-05-03T02:30:00+00:00,370,2026-05-02T23:45:00+00:00,12,0.37192481756210327,0.3484240174293518,0.46845531463623047,0.7467405796051025,0.5588518381118774,374,378,376.0,2026-05-03T00:45:00+00:00,2026-05-03T01:45:00+00:00,2026-05-03T01:15:00+00:00,5,3,46618bc22c5c0968,35,0.7851993441581726,2026-05-03T02:30:00+00:00,2026-05-03T03:45:00+00:00,"[12, 13, 14, 15, 16, 17, 18, 19]"
DASH_USDT_SWAP,381,2026-05-03T02:30:00+00:00,369,2026-05-02T23:30:00+00:00,13,0.515310525894165,0.3953857719898224,0.35934552550315857,0.7696894407272339,0.5825486779212952,374,378,376.0,2026-05-03T00:45:00+00:00,2026-05-03T01:45:00+00:00,2026-05-03T01:15:00+00:00,5,3,3cf9e904cc31ee63,43,0.9455975890159607,2026-05-03T02:30:00+00:00,2026-05-03T04:15:00+00:00,"[12, 13, 14, 15, 16, 17, 18, 19]"
ENSO_USDT_SWAP,381,2026-05-03T02:30:00+00:00,368,2026-05-02T23:15:00+00:00,14,0.3090037405490875,0.34822559356689453,0.37938761711120605,0.7866092324256897,0.8824340105056763,372,378,375.0,2026-05-03T00:15:00+00:00,2026-05-03T01:45:00+00:00,2026-05-03T01:00:00+00:00,7,3,b4cfba9a386e415d,4,0.3560129702091217,2026-05-03T02:30:00+00:00,2026-05-03T03:00:00+00:00,"[14, 17, 18]"
ENS_USDT_SWAP,381,2026-05-03T02:30:00+00:00,369,2026-05-02T23:30:00+00:00,13,0.5966485738754272,0.39721500873565674,0.4528585970401764,0.7732859253883362,0.564777672290802,374,378,376.0,2026-05-03T00:45:00+00:00,2026-05-03T01:45:00+00:00,2026-05-03T01:15:00+00:00,5,3,f61205ef3fe3e59e,50,0.9155005812644958,2026-05-03T02:30:00+00:00,2026-05-03T04:00:00+00:00,"[12, 13, 14, 15, 16, 17, 18, 19]"
GMT_USDT_SWAP,381,2026-05-03T02:30:00+00:00,369,2026-05-02T23:30:00+00:00,13,0.5102860927581787,0.39116060733795166,0.403198778629303,0.774603009223938,0.6149808168411255,374,378,376.0,2026-05-03T00:45:00+00:00,2026-05-03T01:45:00+00:00,2026-05-03T01:15:00+00:00,5,3,e84ad7fa0aa9cbb8,24,0.7735110521316528,2026-05-03T02:30:00+00:00,2026-05-03T03:30:00+00:00,"[13, 14, 15, 16, 17, 18, 19]"
HOOD_USDT_SWAP,381,2026-05-03T02:30:00+00:00,368,2026-05-02T23:15:00+00:00,14,0.3533058166503906,0.34590041637420654,0.46662992238998413,0.7785028219223022,0.525927722454071,372,378,375.0,2026-05-03T00:15:00+00:00,2026-05-03T01:45:00+00:00,2026-05-03T01:00:00+00:00,7,3,2b54826deb77f2ed,19,0.42443913221359253,2026-05-03T02:30:00+00:00,2026-05-03T03:30:00+00:00,"[13, 14, 15, 16, 17, 18, 19]"
LA_USDT_SWAP,381,2026-05-03T02:30:00+00:00,369,2026-05-02T23:30:00+00:00,13,0.4215627610683441,0.39366281032562256,0.47336050868034363,0.7727597951889038,0.8608134388923645,374,378,376.0,2026-05-03T00:45:00+00:00,2026-05-03T01:45:00+00:00,2026-05-03T01:15:00+00:00,5,3,55e32ac763703aeb,10,0.7375154495239258,2026-05-03T02:30:00+00:00,2026-05-03T03:30:00+00:00,"[13, 14, 15, 16]"
LPT_USDT_SWAP,381,2026-05-03T02:30:00+00:00,368,2026-05-02T23:15:00+00:00,14,0.39874765276908875,0.3618057370185852,0.38740357756614685,0.789174497127533,0.6134875416755676,373,378,375.5,2026-05-03T00:30:00+00:00,2026-05-03T01:45:00+00:00,2026-05-03T01:15:00+00:00,6,3,9c4f489627c87fcd,11,0.4158943295478821,2026-05-03T02:30:00+00:00,2026-05-03T03:45:00+00:00,"[13, 14, 15, 16]"
LTC_USDT_SWAP,381,2026-05-03T02:30:00+00:00,369,2026-05-02T23:30:00+00:00,13,0.36255520582199097,0.3943232297897339,0.47114983201026917,0.7706166505813599,0.5476775169372559,374,378,376.0,2026-05-03T00:45:00+00:00,2026-05-03T01:45:00+00:00,2026-05-03T01:15:00+00:00,5,3,e036d3de8cacd90d,39,0.7738986611366272,2026-05-03T02:30:00+00:00,2026-05-03T03:45:00+00:00,"[12, 13, 14, 15, 16, 17, 18, 19]"
MASK_USDT_SWAP,381,2026-05-03T02:30:00+00:00,366,2026-05-02T22:45:00+00:00,16,0.42438367009162903,0.3117181658744812,0.33962559700012207,0.7511205673217773,0.6019994616508484,371,377,374.0,2026-05-03T00:00:00+00:00,2026-05-03T01:30:00+00:00,2026-05-03T00:45:00+00:00,7,4,c4564ca71a2d3810,27,0.9513200521469116,2026-05-03T02:30:00+00:00,2026-05-03T03:15:00+00:00,"[12, 13, 14, 15, 16, 17, 18, 19]"
MOODENG_USDT_SWAP,381,2026-05-03T02:30:00+00:00,369,2026-05-02T23:30:00+00:00,13,0.7282113432884216,0.39323651790618896,0.36571890115737915,0.7740494012832642,0.7004541754722595,374,378,376.0,2026-05-03T00:45:00+00:00,2026-05-03T01:45:00+00:00,2026-05-03T01:15:00+00:00,5,3,a7ab6c74b5a1b558,53,0.9133093953132629,2026-05-03T02:30:00+00:00,2026-05-03T04:30:00+00:00,"[12, 13, 14, 15, 16, 17, 18, 19]"
MORPHO_USDT_SWAP,381,2026-05-03T02:30:00+00:00,368,2026-05-02T23:15:00+00:00,14,0.6694539785385132,0.3537677824497223,0.4467942416667938,0.7883702516555786,0.5939483046531677,373,378,375.5,2026-05-03T00:30:00+00:00,2026-05-03T01:45:00+00:00,2026-05-03T01:15:00+00:00,6,3,6586aa77af6ffee6,21,0.7038488984107971,2026-05-03T02:30:00+00:00,2026-05-03T03:45:00+00:00,"[14, 15, 16, 17, 18, 19]"
PIPPIN_USDT_SWAP,381,2026-05-03T02:30:00+00:00,368,2026-05-02T23:15:00+00:00,14,0.27511516213417053,0.34069088101387024,0.5619987845420837,0.7966131567955017,0.796176552772522,372,378,375.0,2026-05-03T00:15:00+00:00,2026-05-03T01:45:00+00:00,2026-05-03T01:00:00+00:00,7,3,b4ec81167e0d52d7,1,0.27511516213417053,2026-05-03T02:30:00+00:00,2026-05-03T02:30:00+00:00,[14]
RAY_USDT_SWAP,381,2026-05-03T02:30:00+00:00,369,2026-05-02T23:30:00+00:00,13,0.33126357197761536,0.3947754204273224,0.4649636447429657,0.7667902708053589,0.6699516773223877,374,378,376.0,2026-05-03T00:45:00+00:00,2026-05-03T01:45:00+00:00,2026-05-03T01:15:00+00:00,5,3,d35496a020c0f086,32,0.7569822072982788,2026-05-03T02:30:00+00:00,2026-05-03T04:15:00+00:00,"[13, 14, 15, 16, 17, 18, 19]"
SENT_USDT_SWAP,381,2026-05-03T02:30:00+00:00,368,2026-05-02T23:15:00+00:00,14,0.25026947259902954,0.35628291964530945,0.36267533898353577,0.7889512777328491,0.5976583957672119,373,378,375.5,2026-05-03T00:30:00+00:00,2026-05-03T01:45:00+00:00,2026-05-03T01:15:00+00:00,6,3,4b9c49613b48a4a5,18,0.6819659471511841,2026-05-03T02:30:00+00:00,2026-05-03T03:45:00+00:00,"[13, 14, 15, 16, 17, 19]"
SKY_USDT_SWAP,381,2026-05-03T02:30:00+00:00,368,2026-05-02T23:15:00+00:00,14,0.39310604333877563,0.33974555134773254,0.49366286396980286,0.7873290777206421,0.6360979676246643,372,378,375.0,2026-05-03T00:15:00+00:00,2026-05-03T01:45:00+00:00,2026-05-03T01:00:00+00:00,7,3,df7ca853b42d0ee3,6,0.39310604333877563,2026-05-03T02:30:00+00:00,2026-05-03T02:45:00+00:00,"[14, 15, 16, 17, 18]"
TIA_USDT_SWAP,381,2026-05-03T02:30:00+00:00,368,2026-05-02T23:15:00+00:00,14,0.3697347939014435,0.3495703637599945,0.40067967772483826,0.7876420617103577,0.6426846981048584,373,378,375.5,2026-05-03T00:30:00+00:00,2026-05-03T01:45:00+00:00,2026-05-03T01:15:00+00:00,6,3,9f60e48a8f8c2a79,26,0.8124043941497803,2026-05-03T02:30:00+00:00,2026-05-03T03:45:00+00:00,"[12, 13, 14, 15, 16, 17, 18, 19]"
VANA_USDT_SWAP,381,2026-05-03T02:30:00+00:00,368,2026-05-02T23:15:00+00:00,14,0.9447908401489258,0.3523491621017456,0.4101799428462982,0.7906047105789185,0.6487946510314941,373,378,375.5,2026-05-03T00:30:00+00:00,2026-05-03T01:45:00+00:00,2026-05-03T01:15:00+00:00,6,3,a6df142da69db79d,47,0.9447908401489258,2026-05-03T02:30:00+00:00,2026-05-03T03:45:00+00:00,"[13, 14, 15, 16, 17, 18, 19]"
XRP_USDT_SWAP,381,2026-05-03T02:30:00+00:00,368,2026-05-02T23:15:00+00:00,14,0.8631541132926941,0.34984004497528076,0.45634740591049194,0.7908845543861389,0.5637406706809998,373,378,375.5,2026-05-03T00:30:00+00:00,2026-05-03T01:45:00+00:00,2026-05-03T01:15:00+00:00,6,3,b639af1a554d33a5,61,0.8631541132926941,2026-05-03T02:30:00+00:00,2026-05-03T04:00:00+00:00,"[12, 13, 14, 15, 16, 17, 18, 19]"
ZORA_USDT_SWAP,381,2026-05-03T02:30:00+00:00,368,2026-05-02T23:15:00+00:00,14,0.3340966999530792,0.3543374836444855,0.3997184932231903,0.7892047762870789,0.6164928078651428,373,378,375.5,2026-05-03T00:30:00+00:00,2026-05-03T01:45:00+00:00,2026-05-03T01:15:00+00:00,6,3,386706f61303d25d,12,0.6345442533493042,2026-05-03T02:30:00+00:00,2026-05-03T03:30:00+00:00,"[13, 14, 15, 16, 17, 18]"
1INCH_USDT_SWAP,382,2026-05-03T02:45:00+00:00,369,2026-05-02T23:30:00+00:00,14,0.263508141040802,0.3436073362827301,0.4523850083351135,0.7871264219284058,0.6273978352546692,373,379,376.0,2026-05-03T00:30:00+00:00,2026-05-03T02:00:00+00:00,2026-05-03T01:15:00+00:00,7,3,e5273700801ce71e,28,0.6760739088058472,2026-05-03T02:45:00+00:00,2026-05-03T04:15:00+00:00,"[13, 14, 15, 16, 17, 18, 19]"
AEVO_USDT_SWAP,382,2026-05-03T02:45:00+00:00,370,2026-05-02T23:45:00+00:00,13,0.9377385973930359,0.3927464783191681,0.4451258182525635,0.7722123861312866,0.6874036192893982,375,379,377.0,2026-05-03T01:00:00+00:00,2026-05-03T02:00:00+00:00,2026-05-03T01:30:00+00:00,5,3,1098d79d5522e041,67,0.9511355757713318,2026-05-03T02:45:00+00:00,2026-05-03T04:15:00+00:00,"[12, 13, 14, 15, 16, 17, 18, 19]"
AZTEC_USDT_SWAP,382,2026-05-03T02:45:00+00:00,371,2026-05-03T00:00:00+00:00,12,0.6175382733345032,0.3674736022949219,0.5136542916297913,0.7667192816734314,0.6236891150474548,375,379,377.0,2026-05-03T01:00:00+00:00,2026-05-03T02:00:00+00:00,2026-05-03T01:30:00+00:00,5,3,3ae0068bd5580fb4,52,0.8381379842758179,2026-05-03T02:45:00+00:00,2026-05-03T04:15:00+00:00,"[12, 13, 14, 15, 16, 17, 18, 19]"
COIN_USDT_SWAP,382,2026-05-03T02:45:00+00:00,369,2026-05-02T23:30:00+00:00,14,0.3960219621658325,0.35895270109176636,0.47647714614868164,0.7908003330230713,0.5307970643043518,374,379,376.5,2026-05-03T00:45:00+00:00,2026-05-03T02:00:00+00:00,2026-05-03T01:15:00+00:00,6,3,379b223fbd79a431,12,0.5973419547080994,2026-05-03T02:45:00+00:00,2026-05-03T03:45:00+00:00,"[14, 15, 16, 17, 18]"
ENA_USDT_SWAP,382,2026-05-03T02:45:00+00:00,370,2026-05-02T23:45:00+00:00,13,0.967915952205658,0.39421290159225464,0.3664662539958954,0.7711754441261292,0.7034316658973694,375,379,377.0,2026-05-03T01:00:00+00:00,2026-05-03T02:00:00+00:00,2026-05-03T01:30:00+00:00,5,3,abe7988edd54c59f,68,0.9742891192436218,2026-05-03T02:45:00+00:00,2026-05-03T04:30:00+00:00,"[12, 13, 14, 15, 16, 17, 18, 19]"
FARTCOIN_USDT_SWAP,382,2026-05-03T02:45:00+00:00,371,2026-05-03T00:00:00+00:00,12,0.40381675958633423,0.4294138550758362,0.5178468227386475,0.7492372989654541,0.6756222248077393,376,379,377.5,2026-05-03T01:15:00+00:00,2026-05-03T02:00:00+00:00,2026-05-03T01:45:00+00:00,4,3,9f424d1b10e190dd,63,0.9648212194442749,2026-05-03T02:45:00+00:00,2026-05-03T04:30:00+00:00,"[12, 13, 14, 15, 16, 17, 18, 19]"
ICP_USDT_SWAP,382,2026-05-03T02:45:00+00:00,370,2026-05-02T23:45:00+00:00,13,0.6163005232810974,0.39650171995162964,0.47057002782821655,0.7709671258926392,0.6193749308586121,375,379,377.0,2026-05-03T01:00:00+00:00,2026-05-03T02:00:00+00:00,2026-05-03T01:30:00+00:00,5,3,1b09396ae4c30ca9,27,0.8011037111282349,2026-05-03T02:45:00+00:00,2026-05-03T03:45:00+00:00,"[13, 14, 15, 16, 17, 18, 19]"
INJ_USDT_SWAP,382,2026-05-03T02:45:00+00:00,369,2026-05-02T23:30:00+00:00,14,0.3691272735595703,0.3638007342815399,0.4487727880477905,0.790076494216919,0.6581063866615295,374,379,376.5,2026-05-03T00:45:00+00:00,2026-05-03T02:00:00+00:00,2026-05-03T01:15:00+00:00,6,3,d3f78be0ec154810,14,0.5722051858901978,2026-05-03T02:45:00+00:00,2026-05-03T04:15:00+00:00,"[14, 15, 16, 17]"
RESOLV_USDT_SWAP,382,2026-05-03T02:45:00+00:00,369,2026-05-02T23:30:00+00:00,14,0.5691736936569214,0.3606942296028137,0.30682045221328735,0.7887879610061646,0.5272676944732666,374,379,376.5,2026-05-03T00:45:00+00:00,2026-05-03T02:00:00+00:00,2026-05-03T01:15:00+00:00,6,3,19704f979da8964a,46,0.9513772130012512,2026-05-03T02:45:00+00:00,2026-05-03T04:00:00+00:00,"[12, 13, 14, 15, 16, 17, 18, 19]"
SHIB_USDT_SWAP,382,2026-05-03T02:45:00+00:00,370,2026-05-02T23:45:00+00:00,13,0.578639566898346,0.39080289006233215,0.4448944330215454,0.7731937170028687,0.6018588542938232,375,379,377.0,2026-05-03T01:00:00+00:00,2026-05-03T02:00:00+00:00,2026-05-03T01:30:00+00:00,5,3,29834d776807bcf7,27,0.8342717885971069,2026-05-03T02:45:00+00:00,2026-05-03T04:00:00+00:00,"[13, 14, 15, 16, 17, 18, 19]"
SOL_USDT_SWAP,382,2026-05-03T02:45:00+00:00,371,2026-05-03T00:00:00+00:00,12,0.30538418889045715,0.42183223366737366,0.48022428154945374,0.7587887048721313,0.5567185878753662,376,379,377.5,2026-05-03T01:15:00+00:00,2026-05-03T02:00:00+00:00,2026-05-03T01:45:00+00:00,4,3,676283f035cc8e86,57,0.7538638114929199,2026-05-03T02:45:00+00:00,2026-05-03T04:30:00+00:00,"[12, 13, 14, 15, 16, 17, 18, 19]"
SUSHI_USDT_SWAP,382,2026-05-03T02:45:00+00:00,369,2026-05-02T23:30:00+00:00,14,0.4171225130558014,0.3536704182624817,0.25087982416152954,0.7725580334663391,0.6796754598617554,374,379,376.5,2026-05-03T00:45:00+00:00,2026-05-03T02:00:00+00:00,2026-05-03T01:15:00+00:00,6,3,4753a9e254ff3a8b,15,0.8429335951805115,2026-05-03T02:45:00+00:00,2026-05-03T04:00:00+00:00,"[13, 14, 15, 16, 18]"
S_USDT_SWAP,382,2026-05-03T02:45:00+00:00,369,2026-05-02T23:30:00+00:00,14,0.7559831738471985,0.35451364517211914,0.43157461285591125,0.7870944738388062,0.6351789832115173,374,379,376.5,2026-05-03T00:45:00+00:00,2026-05-03T02:00:00+00:00,2026-05-03T01:15:00+00:00,6,3,2253ac9ad5147953,29,0.7938699126243591,2026-05-03T02:45:00+00:00,2026-05-03T03:45:00+00:00,"[13, 14, 15, 16, 17, 18, 19]"
TRUTH_USDT_SWAP,382,2026-05-03T02:45:00+00:00,369,2026-05-02T23:30:00+00:00,14,0.5948855876922607,0.3569086194038391,0.5295908451080322,0.7875316143035889,0.656685471534729,374,379,376.5,2026-05-03T00:45:00+00:00,2026-05-03T02:00:00+00:00,2026-05-03T01:15:00+00:00,6,3,a37417d8a89011aa,28,0.7160941362380981,2026-05-03T02:45:00+00:00,2026-05-03T04:00:00+00:00,"[13, 14, 15, 16, 17, 18, 19]"
ZAMA_USDT_SWAP,382,2026-05-03T02:45:00+00:00,369,2026-05-02T23:30:00+00:00,14,0.32145926356315613,0.3417052626609802,0.534163773059845,0.7890633344650269,0.6550827026367188,373,379,376.0,2026-05-03T00:30:00+00:00,2026-05-03T02:00:00+00:00,2026-05-03T01:15:00+00:00,7,3,5f94657dfd215008,3,0.32145926356315613,2026-05-03T02:45:00+00:00,2026-05-03T03:30:00+00:00,"[14, 15]"
ZBT_USDT_SWAP,382,2026-05-03T02:45:00+00:00,369,2026-05-02T23:30:00+00:00,14,0.7603198885917664,0.35387688875198364,0.5359155535697937,0.7858408689498901,0.7395586371421814,374,379,376.5,2026-05-03T00:45:00+00:00,2026-05-03T02:00:00+00:00,2026-05-03T01:15:00+00:00,6,3,42db8bd6210fdcbc,39,0.8721359968185425,2026-05-03T02:45:00+00:00,2026-05-03T04:00:00+00:00,"[12, 13, 14, 15, 16, 17, 18, 19]"
ZRO_USDT_SWAP,382,2026-05-03T02:45:00+00:00,370,2026-05-02T23:45:00+00:00,13,0.5509060025215149,0.39213159680366516,0.5331311821937561,0.7719169855117798,0.7111193537712097,375,379,377.0,2026-05-03T01:00:00+00:00,2026-05-03T02:00:00+00:00,2026-05-03T01:30:00+00:00,5,3,a760ec3b4c013b02,59,0.9455355405807495,2026-05-03T02:45:00+00:00,2026-05-03T04:15:00+00:00,"[12, 13, 14, 15, 16, 17, 18, 19]"
ADA_USDT_SWAP,383,2026-05-03T03:00:00+00:00,371,2026-05-03T00:00:00+00:00,13,0.364778995513916,0.39747628569602966,0.4927634298801422,0.7708395719528198,0.5921706557273865,376,380,378.0,2026-05-03T01:15:00+00:00,2026-05-03T02:15:00+00:00,2026-05-03T01:45:00+00:00,5,3,fb725f5da138ad73,45,0.7370032072067261,2026-05-03T03:00:00+00:00,2026-05-03T04:30:00+00:00,"[13, 14, 15, 16, 17, 18, 19]"
ANIME_USDT_SWAP,383,2026-05-03T03:00:00+00:00,370,2026-05-02T23:45:00+00:00,14,0.8518123626708984,0.35108861327171326,0.4828261435031891,0.7907515168190002,0.6241425275802612,375,380,377.5,2026-05-03T01:00:00+00:00,2026-05-03T02:15:00+00:00,2026-05-03T01:45:00+00:00,6,3,d4a409921651a7cc,33,0.8518123626708984,2026-05-03T03:00:00+00:00,2026-05-03T04:15:00+00:00,"[13, 14, 15, 16, 17, 18, 19]"
APE_USDT_SWAP,383,2026-05-03T03:00:00+00:00,370,2026-05-02T23:45:00+00:00,14,0.775066614151001,0.3373894691467285,0.1548631340265274,0.7853199243545532,0.6480518579483032,374,380,377.0,2026-05-03T00:45:00+00:00,2026-05-03T02:15:00+00:00,2026-05-03T01:30:00+00:00,7,3,45382b1ba19fafca,34,0.8761423826217651,2026-05-03T03:00:00+00:00,2026-05-03T04:00:00+00:00,"[12, 13, 14, 15, 16, 17, 18, 19]"
ATH_USDT_SWAP,383,2026-05-03T03:00:00+00:00,370,2026-05-02T23:45:00+00:00,14,0.7711207270622253,0.35447508096694946,0.4596814811229706,0.7879555225372314,0.6659612059593201,375,380,377.5,2026-05-03T01:00:00+00:00,2026-05-03T02:15:00+00:00,2026-05-03T01:45:00+00:00,6,3,cf902aa9865b622c,55,0.9124709367752075,2026-05-03T03:00:00+00:00,2026-05-03T04:30:00+00:00,"[12, 13, 14, 15, 16, 17, 18, 19]"
AVAX_USDT_SWAP,383,2026-05-03T03:00:00+00:00,370,2026-05-02T23:45:00+00:00,14,0.8421410918235779,0.35361307859420776,0.4476214647293091,0.7902601361274719,0.6123021245002747,375,380,377.5,2026-05-03T01:00:00+00:00,2026-05-03T02:15:00+00:00,2026-05-03T01:45:00+00:00,6,3,62dd0e705448044d,56,0.8655487895011902,2026-05-03T03:00:00+00:00,2026-05-03T04:15:00+00:00,"[12, 13, 14, 15, 16, 17, 18, 19]"
AVNT_USDT_SWAP,383,2026-05-03T03:00:00+00:00,370,2026-05-02T23:45:00+00:00,14,0.7224081754684448,0.3492452800273895,0.4159858822822571,0.7897161841392517,0.7488247752189636,375,380,377.5,2026-05-03T01:00:00+00:00,2026-05-03T02:15:00+00:00,2026-05-03T01:45:00+00:00,6,3,74c12393206253b5,24,0.8179698586463928,2026-05-03T03:00:00+00:00,2026-05-03T04:00:00+00:00,"[13, 14, 15, 16, 17, 18, 19]"
BONK_USDT_SWAP,383,2026-05-03T03:00:00+00:00,371,2026-05-03T00:00:00+00:00,13,0.7026212215423584,0.39556196331977844,0.4846453368663788,0.7719500064849854,0.6644085049629211,376,380,378.0,2026-05-03T01:15:00+00:00,2026-05-03T02:15:00+00:00,2026-05-03T01:45:00+00:00,5,3,b65697d9e4855b51,46,0.8767699599266052,2026-05-03T03:00:00+00:00,2026-05-03T04:30:00+00:00,"[12, 13, 14, 15, 16, 17, 18, 19]"
DOOD_USDT_SWAP,383,2026-05-03T03:00:00+00:00,371,2026-05-03T00:00:00+00:00,13,0.357887864112854,0.3965603709220886,0.5041128993034363,0.7697191834449768,0.6458208560943604,376,380,378.0,2026-05-03T01:15:00+00:00,2026-05-03T02:15:00+00:00,2026-05-03T01:45:00+00:00,5,3,9a8c4d5849ca5033,48,0.8947898149490356,2026-05-03T03:00:00+00:00,2026-05-03T04:30:00+00:00,"[12, 13, 14, 15, 16, 17, 18, 19]"
ETH_USDT_SWAP,383,2026-05-03T03:00:00+00:00,370,2026-05-02T23:45:00+00:00,14,0.2765740156173706,0.3419652283191681,0.45725733041763306,0.7867414951324463,0.5655908584594727,374,380,377.0,2026-05-03T00:45:00+00:00,2026-05-03T02:15:00+00:00,2026-05-03T01:30:00+00:00,7,3,9875b7376915c90e,3,0.32707735896110535,2026-05-03T03:00:00+00:00,2026-05-03T04:00:00+00:00,[14]
FIL_USDT_SWAP,383,2026-05-03T03:00:00+00:00,370,2026-05-02T23:45:00+00:00,14,0.7376760840415955,0.35172727704048157,0.4352942109107971,0.7896708250045776,0.6559064388275146,375,380,377.5,2026-05-03T01:00:00+00:00,2026-05-03T02:15:00+00:00,2026-05-03T01:45:00+00:00,6,3,2e0e8ab4709ace5b,35,0.7376760840415955,2026-05-03T03:00:00+00:00,2026-05-03T04:30:00+00:00,"[13, 14, 15, 16, 17, 18, 19]"
GMX_USDT_SWAP,383,2026-05-03T03:00:00+00:00,370,2026-05-02T23:45:00+00:00,14,0.35719946026802063,0.35645294189453125,0.46708226203918457,0.7898584008216858,0.5847745537757874,375,380,377.5,2026-05-03T01:00:00+00:00,2026-05-03T02:15:00+00:00,2026-05-03T01:45:00+00:00,6,3,67c3abc9e9569e24,8,0.4330179989337921,2026-05-03T03:00:00+00:00,2026-05-03T04:15:00+00:00,"[14, 15, 16, 17, 18]"
LINEA_USDT_SWAP,383,2026-05-03T03:00:00+00:00,371,2026-05-03T00:00:00+00:00,13,0.4646516442298889,0.3961825668811798,0.41464436054229736,0.7676740884780884,0.5888718962669373,376,380,378.0,2026-05-03T01:15:00+00:00,2026-05-03T02:15:00+00:00,2026-05-03T01:45:00+00:00,5,3,b044d1165b03db6c,39,0.9076003432273865,2026-05-03T03:00:00+00:00,2026-05-03T04:45:00+00:00,"[13, 14, 15, 16, 17, 18, 19]"
MAGIC_USDT_SWAP,383,2026-05-03T03:00:00+00:00,371,2026-05-03T00:00:00+00:00,13,0.33098340034484863,0.39379653334617615,0.4694352447986603,0.7693690061569214,0.6133988499641418,376,380,378.0,2026-05-03T01:15:00+00:00,2026-05-03T02:15:00+00:00,2026-05-03T01:45:00+00:00,5,3,c532a5f516456a1b,27,0.8277907371520996,2026-05-03T03:00:00+00:00,2026-05-03T04:00:00+00:00,"[13, 14, 15, 16, 17, 18, 19]"
MEME_USDT_SWAP,383,2026-05-03T03:00:00+00:00,371,2026-05-03T00:00:00+00:00,13,0.50630784034729,0.3956049680709839,0.4971570670604706,0.7733827233314514,0.6872217655181885,376,380,378.0,2026-05-03T01:15:00+00:00,2026-05-03T02:15:00+00:00,2026-05-03T01:45:00+00:00,5,3,7c995389730a4118,41,0.8137548565864563,2026-05-03T03:00:00+00:00,2026-05-03T04:45:00+00:00,"[13, 14, 15, 16, 17, 18, 19]"
ORDI_USDT_SWAP,383,2026-05-03T03:00:00+00:00,371,2026-05-03T00:00:00+00:00,13,0.2698073387145996,0.3130502998828888,0.27063778042793274,0.771373987197876,0.6103419065475464,375,380,377.5,2026-05-03T01:00:00+00:00,2026-05-03T02:15:00+00:00,2026-05-03T01:45:00+00:00,6,3,ca3cc0b6045eada2,7,0.4657706618309021,2026-05-03T03:00:00+00:00,2026-05-03T04:00:00+00:00,"[13, 14, 15]"
PEOPLE_USDT_SWAP,383,2026-05-03T03:00:00+00:00,371,2026-05-03T00:00:00+00:00,13,0.30196091532707214,0.3954474627971649,0.46740809082984924,0.7704765796661377,0.7362958788871765,376,380,378.0,2026-05-03T01:15:00+00:00,2026-05-03T02:15:00+00:00,2026-05-03T01:45:00+00:00,5,3,041cf1462516036e,56,0.8661842346191406,2026-05-03T03:00:00+00:00,2026-05-03T04:30:00+00:00,"[13, 14, 15, 16, 17, 18, 19]"
PROVE_USDT_SWAP,383,2026-05-03T03:00:00+00:00,370,2026-05-02T23:45:00+00:00,14,0.3316403925418854,0.35890311002731323,0.4713510274887085,0.7860578894615173,0.6959742903709412,375,380,377.5,2026-05-03T01:00:00+00:00,2026-05-03T02:15:00+00:00,2026-05-03T01:45:00+00:00,6,3,4b13f47eaf3a5329,26,0.6383250951766968,2026-05-03T03:00:00+00:00,2026-05-03T04:15:00+00:00,"[13, 14, 15, 16, 17, 18, 19]"
PUMP_USDT_SWAP,383,2026-05-03T03:00:00+00:00,371,2026-05-03T00:00:00+00:00,13,0.3344840407371521,0.3910709321498871,0.5267471075057983,0.7719622254371643,0.6376729607582092,376,380,378.0,2026-05-03T01:15:00+00:00,2026-05-03T02:15:00+00:00,2026-05-03T01:45:00+00:00,5,3,f93789fdc3f83d8d,36,0.8742744326591492,2026-05-03T03:00:00+00:00,2026-05-03T04:15:00+00:00,"[12, 13, 14, 15, 16, 17, 18, 19]"
SIGN_USDT_SWAP,383,2026-05-03T03:00:00+00:00,370,2026-05-02T23:45:00+00:00,14,0.8530840277671814,0.3495452105998993,0.46873408555984497,0.789408802986145,0.6310031414031982,375,380,377.5,2026-05-03T01:00:00+00:00,2026-05-03T02:15:00+00:00,2026-05-03T01:45:00+00:00,6,3,8faa3a45a2fb0251,49,0.8530840277671814,2026-05-03T03:00:00+00:00,2026-05-03T04:15:00+00:00,"[12, 13, 14, 15, 16, 17, 18, 19]"
STRK_USDT_SWAP,383,2026-05-03T03:00:00+00:00,370,2026-05-02T23:45:00+00:00,14,0.28823089599609375,0.3478252589702606,0.4268527925014496,0.7896254062652588,0.6036394834518433,374,380,377.0,2026-05-03T00:45:00+00:00,2026-05-03T02:15:00+00:00,2026-05-03T01:30:00+00:00,7,3,874a484fbf29cdd6,9,0.4189743101596832,2026-05-03T03:00:00+00:00,2026-05-03T04:30:00+00:00,"[14, 16, 17, 18]"
WIF_USDT_SWAP,383,2026-05-03T03:00:00+00:00,371,2026-05-03T00:00:00+00:00,13,0.53559410572052,0.39140570163726807,0.4659675061702728,0.7716481685638428,0.6644185185432434,376,380,378.0,2026-05-03T01:15:00+00:00,2026-05-03T02:15:00+00:00,2026-05-03T01:45:00+00:00,5,3,499f7965da1846e7,41,0.8346087336540222,2026-05-03T03:00:00+00:00,2026-05-03T04:30:00+00:00,"[12, 13, 14, 15, 16, 17, 18, 19]"
W_USDT_SWAP,383,2026-05-03T03:00:00+00:00,371,2026-05-03T00:00:00+00:00,13,0.3413562476634979,0.39956092834472656,0.5092334747314453,0.7701841592788696,0.6314075589179993,376,380,378.0,2026-05-03T01:15:00+00:00,2026-05-03T02:15:00+00:00,2026-05-03T01:45:00+00:00,5,3,2afbf4f1ea02a395,50,0.9055942893028259,2026-05-03T03:00:00+00:00,2026-05-03T04:30:00+00:00,"[12, 13, 14, 15, 16, 17, 18, 19]"
XLM_USDT_SWAP,383,2026-05-03T03:00:00+00:00,370,2026-05-02T23:45:00+00:00,14,0.8376737236976624,0.3525972068309784,0.45637208223342896,0.7881158590316772,0.6024997234344482,375,380,377.5,2026-05-03T01:00:00+00:00,2026-05-03T02:15:00+00:00,2026-05-03T01:45:00+00:00,6,3,bf987b8c8d5317a1,32,0.8889192938804626,2026-05-03T03:00:00+00:00,2026-05-03T03:45:00+00:00,"[12, 13, 14, 15, 16, 17, 18, 19]"
AAVE_USDT_SWAP,384,2026-05-03T03:15:00+00:00,371,2026-05-03T00:00:00+00:00,14,0.2541433572769165,0.35329359769821167,0.5543954968452454,0.7906679511070251,0.6206846237182617,376,381,378.5,2026-05-03T01:15:00+00:00,2026-05-03T02:30:00+00:00,2026-05-03T01:45:00+00:00,6,3,6ad04d4d28508619,14,0.5066423416137695,2026-05-03T03:15:00+00:00,2026-05-03T04:30:00+00:00,"[12, 13, 14, 15, 16, 17, 18]"
APT_USDT_SWAP,384,2026-05-03T03:15:00+00:00,372,2026-05-03T00:15:00+00:00,13,0.5584442019462585,0.3939600884914398,0.47577643394470215,0.7719670534133911,0.7359774708747864,377,381,379.0,2026-05-03T01:30:00+00:00,2026-05-03T02:30:00+00:00,2026-05-03T02:00:00+00:00,5,3,6b0b4a048d7489f7,30,0.8434170484542847,2026-05-03T03:15:00+00:00,2026-05-03T04:30:00+00:00,"[12, 13, 14, 15, 16, 17, 18, 19]"
BERA_USDT_SWAP,384,2026-05-03T03:15:00+00:00,373,2026-05-03T00:30:00+00:00,12,0.3082052767276764,0.4295162558555603,0.5228627920150757,0.7623475790023804,0.6095373630523682,378,381,379.5,2026-05-03T01:45:00+00:00,2026-05-03T02:30:00+00:00,2026-05-03T02:15:00+00:00,4,3,eab1edac364bf163,44,0.7491861581802368,2026-05-03T03:15:00+00:00,2026-05-03T04:45:00+00:00,"[12, 13, 14, 15, 16, 17, 18, 19]"
BREV_USDT_SWAP,384,2026-05-03T03:15:00+00:00,372,2026-05-03T00:15:00+00:00,13,0.3716207444667816,0.3973621129989624,0.43861207365989685,0.7723201513290405,0.6650596261024475,377,381,379.0,2026-05-03T01:30:00+00:00,2026-05-03T02:30:00+00:00,2026-05-03T02:00:00+00:00,5,3,34d62c9d30a45fa7,7,0.43864384293556213,2026-05-03T03:15:00+00:00,2026-05-03T03:45:00+00:00,"[13, 14, 15, 16]"
CELO_USDT_SWAP,384,2026-05-03T03:15:00+00:00,372,2026-05-03T00:15:00+00:00,13,0.543307900428772,0.3937666118144989,0.4428791105747223,0.773507297039032,0.6418572068214417,377,381,379.0,2026-05-03T01:30:00+00:00,2026-05-03T02:30:00+00:00,2026-05-03T02:00:00+00:00,5,3,6b29fc86efe5c572,39,0.8574616312980652,2026-05-03T03:15:00+00:00,2026-05-03T04:45:00+00:00,"[13, 14, 15, 16, 17, 18, 19]"
DOGE_USDT_SWAP,384,2026-05-03T03:15:00+00:00,371,2026-05-03T00:00:00+00:00,14,0.7713853120803833,0.35669413208961487,0.46642473340034485,0.7878202795982361,0.6001926064491272,376,381,378.5,2026-05-03T01:15:00+00:00,2026-05-03T02:30:00+00:00,2026-05-03T01:45:00+00:00,6,3,b3e993d31b8f2d13,21,0.8295167088508606,2026-05-03T03:15:00+00:00,2026-05-03T04:00:00+00:00,"[13, 14, 15, 16, 17, 18, 19]"
GLM_USDT_SWAP,384,2026-05-03T03:15:00+00:00,372,2026-05-03T00:15:00+00:00,13,0.6182592511177063,0.3892982304096222,0.42827534675598145,0.7732729315757751,0.6161215901374817,377,381,379.0,2026-05-03T01:30:00+00:00,2026-05-03T02:30:00+00:00,2026-05-03T02:00:00+00:00,5,3,4e9b01eabc276912,27,0.7232233285903931,2026-05-03T03:15:00+00:00,2026-05-03T05:00:00+00:00,"[13, 14, 15, 16, 17, 18, 19]"
HBAR_USDT_SWAP,384,2026-05-03T03:15:00+00:00,373,2026-05-03T00:30:00+00:00,12,0.2691136598587036,0.4158417284488678,0.5167232751846313,0.7798782587051392,0.5831979513168335,378,382,380.0,2026-05-03T01:45:00+00:00,2026-05-03T02:45:00+00:00,2026-05-03T02:15:00+00:00,5,2,daa3256bcb5bb89b,42,0.631528377532959,2026-05-03T03:15:00+00:00,2026-05-03T04:45:00+00:00,"[12, 13, 14, 15, 16, 17, 18, 19]"
HYPE_USDT_SWAP,384,2026-05-03T03:15:00+00:00,369,2026-05-02T23:30:00+00:00,16,0.3430623710155487,0.3167326748371124,0.47360292077064514,0.7488242983818054,0.5872454643249512,374,380,377.0,2026-05-03T00:45:00+00:00,2026-05-03T02:15:00+00:00,2026-05-03T01:30:00+00:00,7,4,127713f0c498a994,2,0.3430623710155487,2026-05-03T03:15:00+00:00,2026-05-03T03:15:00+00:00,"[16, 17]"
LINK_USDT_SWAP,384,2026-05-03T03:15:00+00:00,371,2026-05-03T00:00:00+00:00,14,0.39506274461746216,0.3553961515426636,0.5117828845977783,0.7924023866653442,0.5849848985671997,376,381,378.5,2026-05-03T01:15:00+00:00,2026-05-03T02:30:00+00:00,2026-05-03T01:45:00+00:00,6,3,d86c27322e191c74,6,0.39506274461746216,2026-05-03T03:15:00+00:00,2026-05-03T04:00:00+00:00,"[14, 16, 17, 18, 19]"
MASK_USDT_SWAP,384,2026-05-03T03:15:00+00:00,373,2026-05-03T00:30:00+00:00,12,0.8194194436073303,0.4290277063846588,0.2740112543106079,0.7509239315986633,0.674791157245636,378,381,379.5,2026-05-03T01:45:00+00:00,2026-05-03T02:30:00+00:00,2026-05-03T02:15:00+00:00,4,3,5c7de52815c521bf,57,0.9245467782020569,2026-05-03T03:15:00+00:00,2026-05-03T05:00:00+00:00,"[12, 13, 14, 15, 16, 17, 18, 19]"
ONE_USDT_SWAP,384,2026-05-03T03:15:00+00:00,371,2026-05-03T00:00:00+00:00,14,0.45062074065208435,0.3567134737968445,0.47663402557373047,0.7886537909507751,0.6630071997642517,376,381,378.5,2026-05-03T01:15:00+00:00,2026-05-03T02:30:00+00:00,2026-05-03T01:45:00+00:00,6,3,4761f8d821b253d2,26,0.6382958292961121,2026-05-03T03:15:00+00:00,2026-05-03T04:30:00+00:00,"[13, 14, 15, 16, 17, 18, 19]"
QTUM_USDT_SWAP,384,2026-05-03T03:15:00+00:00,371,2026-05-03T00:00:00+00:00,14,0.7655802369117737,0.3514997363090515,0.4896681010723114,0.7876067757606506,0.6004895567893982,376,381,378.5,2026-05-03T01:15:00+00:00,2026-05-03T02:30:00+00:00,2026-05-03T01:45:00+00:00,6,3,aa7d6aa1e662f288,33,0.7655802369117737,2026-05-03T03:15:00+00:00,2026-05-03T04:30:00+00:00,"[12, 13, 14, 15, 16, 17, 18, 19]"
SUI_USDT_SWAP,384,2026-05-03T03:15:00+00:00,371,2026-05-03T00:00:00+00:00,14,0.6727291941642761,0.3550955057144165,0.5060421228408813,0.7891363501548767,0.6133516430854797,376,381,378.5,2026-05-03T01:15:00+00:00,2026-05-03T02:30:00+00:00,2026-05-03T01:45:00+00:00,6,3,2377e44155c82824,28,0.6727291941642761,2026-05-03T03:15:00+00:00,2026-05-03T04:45:00+00:00,"[13, 14, 15, 16, 17, 18, 19]"
UNI_USDT_SWAP,384,2026-05-03T03:15:00+00:00,369,2026-05-02T23:30:00+00:00,16,0.31202781200408936,0.31156831979751587,0.4386041462421417,0.7533236145973206,0.6175420880317688,374,380,377.0,2026-05-03T00:45:00+00:00,2026-05-03T02:15:00+00:00,2026-05-03T01:30:00+00:00,7,4,fb064967c174337c,4,0.43260377645492554,2026-05-03T03:15:00+00:00,2026-05-03T03:45:00+00:00,"[14, 16, 17]"
WCT_USDT_SWAP,384,2026-05-03T03:15:00+00:00,372,2026-05-03T00:15:00+00:00,13,0.7857273817062378,0.3895089030265808,0.4520442485809326,0.7737933993339539,0.6674644947052002,377,381,379.0,2026-05-03T01:30:00+00:00,2026-05-03T02:30:00+00:00,2026-05-03T02:00:00+00:00,5,3,83511dee58efba64,51,0.9721593260765076,2026-05-03T03:15:00+00:00,2026-05-03T05:00:00+00:00,"[12, 13, 14, 15, 16, 17, 18, 19]"
WOO_USDT_SWAP,384,2026-05-03T03:15:00+00:00,373,2026-05-03T00:30:00+00:00,12,0.26003825664520264,0.42899689078330994,0.5189289450645447,0.7535263299942017,0.6108747720718384,378,381,379.5,2026-05-03T01:45:00+00:00,2026-05-03T02:30:00+00:00,2026-05-03T02:15:00+00:00,4,3,671112ea527fb379,23,0.6191280484199524,2026-05-03T03:15:00+00:00,2026-05-03T05:00:00+00:00,"[12, 13, 14, 15, 16, 17, 18, 19]"
YFI_USDT_SWAP,384,2026-05-03T03:15:00+00:00,372,2026-05-03T00:15:00+00:00,13,0.4325762093067169,0.3907424211502075,0.4668235778808594,0.7778874039649963,0.5846794247627258,377,381,379.0,2026-05-03T01:30:00+00:00,2026-05-03T02:30:00+00:00,2026-05-03T02:00:00+00:00,5,3,cf9028abeae549bb,35,0.7617584466934204,2026-05-03T03:15:00+00:00,2026-05-03T04:30:00+00:00,"[12, 13, 14, 15, 16, 17, 18, 19]"
ZEN_USDT_SWAP,384,2026-05-03T03:15:00+00:00,369,2026-05-02T23:30:00+00:00,16,0.38779106736183167,0.3175439238548279,0.5293754935264587,0.7451303005218506,0.6780922412872314,374,380,377.0,2026-05-03T00:45:00+00:00,2026-05-03T02:15:00+00:00,2026-05-03T01:30:00+00:00,7,4,7caeda34e476b734,10,0.38779106736183167,2026-05-03T03:15:00+00:00,2026-05-03T04:15:00+00:00,"[14, 16, 17, 18, 19]"
0G_USDT_SWAP,385,2026-05-03T03:30:00+00:00,372,2026-05-03T00:15:00+00:00,14,0.2870588004589081,0.35817262530326843,0.5123746991157532,0.7904642820358276,0.6386197805404663,377,382,379.5,2026-05-03T01:30:00+00:00,2026-05-03T02:45:00+00:00,2026-05-03T02:15:00+00:00,6,3,c12bf57432711a18,1,0.2870588004589081,2026-05-03T03:30:00+00:00,2026-05-03T03:30:00+00:00,[14]
AERO_USDT_SWAP,385,2026-05-03T03:30:00+00:00,372,2026-05-03T00:15:00+00:00,14,0.42929771542549133,0.354793518781662,0.5026514530181885,0.7886635065078735,0.5848643183708191,377,382,379.5,2026-05-03T01:30:00+00:00,2026-05-03T02:45:00+00:00,2026-05-03T02:15:00+00:00,6,3,c0ea11483f29da25,37,0.6234511733055115,2026-05-03T03:30:00+00:00,2026-05-03T05:00:00+00:00,"[13, 14, 15, 16, 17, 18, 19]"
A_USDT_SWAP,385,2026-05-03T03:30:00+00:00,372,2026-05-03T00:15:00+00:00,14,0.4708702564239502,0.3583504557609558,0.5541369318962097,0.7874876260757446,0.6773573160171509,377,382,379.5,2026-05-03T01:30:00+00:00,2026-05-03T02:45:00+00:00,2026-05-03T02:15:00+00:00,6,3,dd7cbeb9c3a76f6c,25,0.5541583895683289,2026-05-03T03:30:00+00:00,2026-05-03T05:00:00+00:00,"[13, 14, 15, 16, 17, 18, 19]"
BAND_USDT_SWAP,385,2026-05-03T03:30:00+00:00,372,2026-05-03T00:15:00+00:00,14,0.25039762258529663,0.35823020339012146,0.47672930359840393,0.7938180565834045,0.5808923244476318,377,382,379.5,2026-05-03T01:30:00+00:00,2026-05-03T02:45:00+00:00,2026-05-03T02:15:00+00:00,6,3,028f1a9cd0e6a47e,2,0.259052038192749,2026-05-03T03:30:00+00:00,2026-05-03T03:45:00+00:00,[14]
BAT_USDT_SWAP,385,2026-05-03T03:30:00+00:00,369,2026-05-02T23:30:00+00:00,17,0.4326259195804596,0.3580342233181,0.4793241620063782,0.7626184821128845,0.5986077785491943,375,381,378.0,2026-05-03T01:00:00+00:00,2026-05-03T02:30:00+00:00,2026-05-03T01:45:00+00:00,7,4,04ca9d7c4017fb81,25,0.6474010348320007,2026-05-03T03:30:00+00:00,2026-05-03T04:30:00+00:00,"[13, 14, 15, 16, 17, 18, 19]"
ETC_USDT_SWAP,385,2026-05-03T03:30:00+00:00,373,2026-05-03T00:30:00+00:00,13,0.4278244972229004,0.34906959533691406,0.5308241248130798,0.7701999545097351,0.6013981699943542,377,382,379.5,2026-05-03T01:30:00+00:00,2026-05-03T02:45:00+00:00,2026-05-03T02:15:00+00:00,6,3,23cd1a32cd72dd90,7,0.4278244972229004,2026-05-03T03:30:00+00:00,2026-05-03T03:45:00+00:00,"[13, 14, 16, 17, 18, 19]"
FLOKI_USDT_SWAP,385,2026-05-03T03:30:00+00:00,374,2026-05-03T00:45:00+00:00,12,0.3119467496871948,0.4262109696865082,0.4885454475879669,0.7483741044998169,0.6261389851570129,379,382,380.5,2026-05-03T02:00:00+00:00,2026-05-03T02:45:00+00:00,2026-05-03T02:15:00+00:00,4,3,74675a066ddea994,32,0.8713030815124512,2026-05-03T03:30:00+00:00,2026-05-03T04:45:00+00:00,"[12, 13, 14, 15, 16, 17, 18, 19]"
GAS_USDT_SWAP,385,2026-05-03T03:30:00+00:00,373,2026-05-03T00:30:00+00:00,13,0.3570477366447449,0.3516220152378082,0.5151327848434448,0.7712713479995728,0.6052837371826172,377,382,379.5,2026-05-03T01:30:00+00:00,2026-05-03T02:45:00+00:00,2026-05-03T02:15:00+00:00,6,3,dedd8abbaadfa468,4,0.3570477366447449,2026-05-03T03:30:00+00:00,2026-05-03T03:45:00+00:00,"[13, 14, 16]"
KSM_USDT_SWAP,385,2026-05-03T03:30:00+00:00,372,2026-05-03T00:15:00+00:00,14,0.27219653129577637,0.3463648855686188,0.45987945795059204,0.7902834415435791,0.6158807277679443,376,382,379.0,2026-05-03T01:15:00+00:00,2026-05-03T02:45:00+00:00,2026-05-03T02:00:00+00:00,7,3,ef8e63db1436eba3,3,0.27219653129577637,2026-05-03T03:30:00+00:00,2026-05-03T03:45:00+00:00,"[14, 17]"
LIT_USDT_SWAP,385,2026-05-03T03:30:00+00:00,372,2026-05-03T00:15:00+00:00,14,0.2666628062725067,0.35643261671066284,0.3744490444660187,0.7879344820976257,0.6593167185783386,377,382,379.5,2026-05-03T01:30:00+00:00,2026-05-03T02:45:00+00:00,2026-05-03T02:15:00+00:00,6,3,c673d18e9c0c39ea,18,0.8933272957801819,2026-05-03T03:30:00+00:00,2026-05-03T04:45:00+00:00,"[13, 14, 15, 16, 17, 18, 19]"
LQTY_USDT_SWAP,385,2026-05-03T03:30:00+00:00,373,2026-05-03T00:30:00+00:00,13,0.37531185150146484,0.3220391571521759,0.5486949682235718,0.7721734642982483,0.7129438519477844,377,382,379.5,2026-05-03T01:30:00+00:00,2026-05-03T02:45:00+00:00,2026-05-03T02:15:00+00:00,6,3,4e338bc72c59bef9,27,0.7407911419868469,2026-05-03T03:30:00+00:00,2026-05-03T04:45:00+00:00,"[13, 14, 16, 17, 18, 19]"
NEO_USDT_SWAP,385,2026-05-03T03:30:00+00:00,372,2026-05-03T00:15:00+00:00,14,0.31477582454681396,0.3535905182361603,0.5147609710693359,0.7944597601890564,0.5815016627311707,377,382,379.5,2026-05-03T01:30:00+00:00,2026-05-03T02:45:00+00:00,2026-05-03T02:15:00+00:00,6,3,2245dc8e9de2906e,21,0.4349985718727112,2026-05-03T03:30:00+00:00,2026-05-03T04:45:00+00:00,"[13, 14, 15, 16, 17, 18, 19]"
PARTI_USDT_SWAP,385,2026-05-03T03:30:00+00:00,372,2026-05-03T00:15:00+00:00,14,0.6669608354568481,0.3607706129550934,0.45466524362564087,0.7907040119171143,0.605262279510498,377,382,379.5,2026-05-03T01:30:00+00:00,2026-05-03T02:45:00+00:00,2026-05-03T02:15:00+00:00,6,3,1aa9885b4081c528,43,0.965481162071228,2026-05-03T03:30:00+00:00,2026-05-03T04:45:00+00:00,"[12, 13, 14, 15, 16, 17, 18, 19]"
PEPE_USDT_SWAP,385,2026-05-03T03:30:00+00:00,372,2026-05-03T00:15:00+00:00,14,0.49269700050354004,0.3508147597312927,0.5138307809829712,0.7888011336326599,0.6302676796913147,377,382,379.5,2026-05-03T01:30:00+00:00,2026-05-03T02:45:00+00:00,2026-05-03T02:15:00+00:00,6,3,4ca61b2d2b520f60,11,0.49269700050354004,2026-05-03T03:30:00+00:00,2026-05-03T04:00:00+00:00,"[13, 14, 15, 16, 17, 19]"
SPX_USDT_SWAP,385,2026-05-03T03:30:00+00:00,372,2026-05-03T00:15:00+00:00,14,0.5991759896278381,0.35678237676620483,0.5461127758026123,0.7896867394447327,0.6450783014297485,377,382,379.5,2026-05-03T01:30:00+00:00,2026-05-03T02:45:00+00:00,2026-05-03T02:15:00+00:00,6,3,2be0bbef546fa6a5,28,0.6411085724830627,2026-05-03T03:30:00+00:00,2026-05-03T04:30:00+00:00,"[14, 15, 16, 17, 18, 19]"
BNB_USDT_SWAP,386,2026-05-03T03:45:00+00:00,372,2026-05-03T00:15:00+00:00,15,0.29729199409484863,0.34180182218551636,0.5030905604362488,0.8010021448135376,0.5500680804252625,377,383,380.0,2026-05-03T01:30:00+00:00,2026-05-03T03:00:00+00:00,2026-05-03T02:15:00+00:00,7,3,48a597f96517d5b0,17,0.3803095519542694,2026-05-03T03:45:00+00:00,2026-05-03T04:45:00+00:00,"[14, 15, 16, 17, 18, 19]"
CHZ_USDT_SWAP,386,2026-05-03T03:45:00+00:00,373,2026-05-03T00:30:00+00:00,14,0.298725962638855,0.33469346165657043,0.6001355051994324,0.7896835803985596,0.7271274328231812,377,383,380.0,2026-05-03T01:30:00+00:00,2026-05-03T03:00:00+00:00,2026-05-03T02:15:00+00:00,7,3,b0fc2435a6e4e134,9,0.617725670337677,2026-05-03T03:45:00+00:00,2026-05-03T04:15:00+00:00,"[14, 16, 17, 18, 19]"
HOOD_USDT_SWAP,386,2026-05-03T03:45:00+00:00,373,2026-05-03T00:30:00+00:00,14,0.3695657253265381,0.35144108533859253,0.49365493655204773,0.7866771817207336,0.5285412669181824,378,383,380.5,2026-05-03T01:45:00+00:00,2026-05-03T03:00:00+00:00,2026-05-03T02:15:00+00:00,6,3,c1560273436e6bb3,9,0.3695657253265381,2026-05-03T03:45:00+00:00,2026-05-03T04:15:00+00:00,"[14, 16, 17, 18, 19]"
H_USDT_SWAP,386,2026-05-03T03:45:00+00:00,372,2026-05-03T00:15:00+00:00,15,0.5227371454238892,0.3419795334339142,0.2397027611732483,0.8063324689865112,0.4722864627838135,377,383,380.0,2026-05-03T01:30:00+00:00,2026-05-03T03:00:00+00:00,2026-05-03T02:15:00+00:00,7,3,0e917dad2b8a9ad7,21,0.8948050141334534,2026-05-03T03:45:00+00:00,2026-05-03T04:45:00+00:00,"[12, 13, 14, 15, 16, 17]"
ICX_USDT_SWAP,386,2026-05-03T03:45:00+00:00,373,2026-05-03T00:30:00+00:00,14,0.2899188697338104,0.3560852110385895,0.5231779217720032,0.7894849181175232,0.5970720052719116,378,383,380.5,2026-05-03T01:45:00+00:00,2026-05-03T03:00:00+00:00,2026-05-03T02:15:00+00:00,6,3,2319255d0d9be9ef,1,0.2899188697338104,2026-05-03T03:45:00+00:00,2026-05-03T03:45:00+00:00,[14]
IOST_USDT_SWAP,386,2026-05-03T03:45:00+00:00,373,2026-05-03T00:30:00+00:00,14,0.30331969261169434,0.35823020339012146,0.49901771545410156,0.7952848672866821,0.6382676362991333,378,383,380.5,2026-05-03T01:45:00+00:00,2026-05-03T03:00:00+00:00,2026-05-03T02:15:00+00:00,6,3,f7824faf55c2c853,1,0.30331969261169434,2026-05-03T03:45:00+00:00,2026-05-03T03:45:00+00:00,[14]
IOTA_USDT_SWAP,386,2026-05-03T03:45:00+00:00,373,2026-05-03T00:30:00+00:00,14,0.5844572186470032,0.3596140742301941,0.5237731337547302,0.7890475988388062,0.5979334712028503,378,383,380.5,2026-05-03T01:45:00+00:00,2026-05-03T03:00:00+00:00,2026-05-03T02:15:00+00:00,6,3,c96d2eede1164f95,29,0.6004868745803833,2026-05-03T03:45:00+00:00,2026-05-03T05:00:00+00:00,"[13, 14, 15, 16, 17, 18, 19]"
JUP_USDT_SWAP,386,2026-05-03T03:45:00+00:00,373,2026-05-03T00:30:00+00:00,14,0.618316113948822,0.3567638695240021,0.5288571715354919,0.7900590300559998,0.6218534708023071,378,383,380.5,2026-05-03T01:45:00+00:00,2026-05-03T03:00:00+00:00,2026-05-03T02:15:00+00:00,6,3,1a1b40cb0db0f8fd,45,0.6741892695426941,2026-05-03T03:45:00+00:00,2026-05-03T05:15:00+00:00,"[12, 13, 14, 15, 16, 17, 18, 19]"
MEW_USDT_SWAP,386,2026-05-03T03:45:00+00:00,373,2026-05-03T00:30:00+00:00,14,0.3117882311344147,0.34677693247795105,0.54209965467453,0.7879123687744141,0.63690584897995,377,383,380.0,2026-05-03T01:30:00+00:00,2026-05-03T03:00:00+00:00,2026-05-03T02:15:00+00:00,7,3,e30e86d9708d2e21,3,0.3117882311344147,2026-05-03T03:45:00+00:00,2026-05-03T04:00:00+00:00,"[14, 16]"
MOVE_USDT_SWAP,386,2026-05-03T03:45:00+00:00,373,2026-05-03T00:30:00+00:00,14,0.3711197078227997,0.3572005033493042,0.5326761603355408,0.7922781705856323,0.6240930557250977,378,383,380.5,2026-05-03T01:45:00+00:00,2026-05-03T03:00:00+00:00,2026-05-03T02:15:00+00:00,6,3,dd5a4f87ead20e30,1,0.3711197078227997,2026-05-03T03:45:00+00:00,2026-05-03T03:45:00+00:00,[14]
SPK_USDT_SWAP,386,2026-05-03T03:45:00+00:00,373,2026-05-03T00:30:00+00:00,14,0.3012567162513733,0.33806660771369934,0.623479425907135,0.7878867983818054,0.9222856163978577,377,383,380.0,2026-05-03T01:30:00+00:00,2026-05-03T03:00:00+00:00,2026-05-03T02:15:00+00:00,7,3,63aebfdc1b293c62,35,0.4939402937889099,2026-05-03T03:45:00+00:00,2026-05-03T05:15:00+00:00,"[13, 14, 15, 16, 17, 18, 19]"
SYRUP_USDT_SWAP,386,2026-05-03T03:45:00+00:00,372,2026-05-03T00:15:00+00:00,15,0.372169554233551,0.34510403871536255,0.52142333984375,0.804194450378418,0.6200928092002869,377,383,380.0,2026-05-03T01:30:00+00:00,2026-05-03T03:00:00+00:00,2026-05-03T02:15:00+00:00,7,3,009a7a6dba86e874,8,0.6295170187950134,2026-05-03T03:45:00+00:00,2026-05-03T04:15:00+00:00,"[14, 15, 16, 17, 18, 19]"
TIA_USDT_SWAP,386,2026-05-03T03:45:00+00:00,374,2026-05-03T00:45:00+00:00,13,0.38544559478759766,0.3920978307723999,0.5308888554573059,0.7683658599853516,0.7111279964447021,379,383,381.0,2026-05-03T02:00:00+00:00,2026-05-03T03:00:00+00:00,2026-05-03T02:30:00+00:00,5,3,0ab032a61d75874f,23,0.8178943395614624,2026-05-03T03:45:00+00:00,2026-05-03T04:30:00+00:00,"[13, 14, 15, 16, 17, 18, 19]"
BICO_USDT_SWAP,387,2026-05-03T04:00:00+00:00,373,2026-05-03T00:30:00+00:00,15,0.527980387210846,0.3417452871799469,0.5083601474761963,0.8067988157272339,0.6925901770591736,378,384,381.0,2026-05-03T01:45:00+00:00,2026-05-03T03:15:00+00:00,2026-05-03T02:30:00+00:00,7,3,bb193817541cb6e5,10,0.527980387210846,2026-05-03T04:00:00+00:00,2026-05-03T05:00:00+00:00,"[14, 15, 16, 17, 18, 19]"
ENS_USDT_SWAP,387,2026-05-03T04:00:00+00:00,374,2026-05-03T00:45:00+00:00,14,0.5412395596504211,0.352297842502594,0.5240288972854614,0.7930647134780884,0.6004450917243958,379,384,381.5,2026-05-03T02:00:00+00:00,2026-05-03T03:15:00+00:00,2026-05-03T02:45:00+00:00,6,3,890bf0e70c6716dd,19,0.6009460091590881,2026-05-03T04:00:00+00:00,2026-05-03T04:45:00+00:00,"[13, 14, 15, 16, 17, 18, 19]"
LA_USDT_SWAP,387,2026-05-03T04:00:00+00:00,374,2026-05-03T00:45:00+00:00,14,0.39984312653541565,0.3556298613548279,0.5590882897377014,0.7965492010116577,0.7457176446914673,379,384,381.5,2026-05-03T02:00:00+00:00,2026-05-03T03:15:00+00:00,2026-05-03T02:45:00+00:00,6,3,b87b38631f7d2c77,6,0.5661290884017944,2026-05-03T04:00:00+00:00,2026-05-03T05:00:00+00:00,"[13, 14, 16]"
MANA_USDT_SWAP,387,2026-05-03T04:00:00+00:00,372,2026-05-03T00:15:00+00:00,16,0.2567991316318512,0.3139458894729614,0.5025339126586914,0.7512033581733704,0.5715447664260864,377,383,380.0,2026-05-03T01:30:00+00:00,2026-05-03T03:00:00+00:00,2026-05-03T02:15:00+00:00,7,4,edcffab064ea79f0,10,0.5189027190208435,2026-05-03T04:00:00+00:00,2026-05-03T04:45:00+00:00,"[14, 15, 16, 17]"
NG_USDT_SWAP,387,2026-05-03T04:00:00+00:00,374,2026-05-03T00:45:00+00:00,14,0.29205185174942017,0.3565816283226013,0.49720969796180725,0.762140154838562,0.5330944061279297,379,384,381.5,2026-05-03T02:00:00+00:00,2026-05-03T03:15:00+00:00,2026-05-03T02:45:00+00:00,6,3,a7684c7a2cdbd2db,2,0.29205185174942017,2026-05-03T04:00:00+00:00,2026-05-03T04:15:00+00:00,"[14, 16]"
PI_USDT_SWAP,387,2026-05-03T04:00:00+00:00,374,2026-05-03T00:45:00+00:00,14,0.5601850152015686,0.3205145597457886,0.4583534896373749,0.7814492583274841,0.5833103060722351,378,384,381.0,2026-05-03T01:45:00+00:00,2026-05-03T03:15:00+00:00,2026-05-03T02:30:00+00:00,7,3,48c3543a41a4c1ec,34,0.7840805649757385,2026-05-03T04:00:00+00:00,2026-05-03T05:15:00+00:00,"[13, 14, 15, 16, 17, 18, 19]"
RESOLV_USDT_SWAP,387,2026-05-03T04:00:00+00:00,375,2026-05-03T01:00:00+00:00,13,0.7860977649688721,0.39121192693710327,0.3011876046657562,0.7741526365280151,0.8080922365188599,380,384,382.0,2026-05-03T02:15:00+00:00,2026-05-03T03:15:00+00:00,2026-05-03T02:45:00+00:00,5,3,3c5e1901f776f097,26,0.8992030024528503,2026-05-03T04:00:00+00:00,2026-05-03T06:00:00+00:00,"[13, 14, 15, 16, 17, 18, 19]"
SENT_USDT_SWAP,387,2026-05-03T04:00:00+00:00,374,2026-05-03T00:45:00+00:00,14,0.4424155652523041,0.3503280580043793,0.5361676812171936,0.7904273867607117,0.6414704322814941,379,384,381.5,2026-05-03T02:00:00+00:00,2026-05-03T03:15:00+00:00,2026-05-03T02:45:00+00:00,6,3,04883fcaa1f1c584,20,0.45399561524391174,2026-05-03T04:00:00+00:00,2026-05-03T05:15:00+00:00,"[14, 16, 17, 18, 19]"
SUSHI_USDT_SWAP,387,2026-05-03T04:00:00+00:00,375,2026-05-03T01:00:00+00:00,13,0.3542119562625885,0.39349591732025146,0.599775493144989,0.768878698348999,0.7618154287338257,380,384,382.0,2026-05-03T02:15:00+00:00,2026-05-03T03:15:00+00:00,2026-05-03T02:45:00+00:00,5,3,324ad2e054cfad69,30,0.7896592020988464,2026-05-03T04:00:00+00:00,2026-05-03T05:15:00+00:00,"[13, 14, 15, 16, 17, 18, 19]"
XRP_USDT_SWAP,387,2026-05-03T04:00:00+00:00,373,2026-05-03T00:30:00+00:00,15,0.4272039830684662,0.34176912903785706,0.5135350227355957,0.8036864995956421,0.5712171196937561,378,384,381.0,2026-05-03T01:45:00+00:00,2026-05-03T03:15:00+00:00,2026-05-03T02:30:00+00:00,7,3,4d9ceafd84acca1e,13,0.4272039830684662,2026-05-03T04:00:00+00:00,2026-05-03T04:45:00+00:00,"[14, 15, 16, 17, 18, 19]"
1INCH_USDT_SWAP,388,2026-05-03T04:15:00+00:00,375,2026-05-03T01:00:00+00:00,14,0.26681941747665405,0.3565455377101898,0.5693182945251465,0.7884559631347656,0.6504675149917603,380,385,382.5,2026-05-03T02:15:00+00:00,2026-05-03T03:30:00+00:00,2026-05-03T02:45:00+00:00,6,3,e53f3e6838a32e5e,5,0.354902446269989,2026-05-03T04:15:00+00:00,2026-05-03T05:00:00+00:00,"[14, 16, 17]"
AEVO_USDT_SWAP,388,2026-05-03T04:15:00+00:00,375,2026-05-03T01:00:00+00:00,14,0.3861479163169861,0.3499293029308319,0.5647217631340027,0.7898545861244202,0.6421669721603394,380,385,382.5,2026-05-03T02:15:00+00:00,2026-05-03T03:30:00+00:00,2026-05-03T02:45:00+00:00,6,3,6451f9054b9663b5,7,0.5469803214073181,2026-05-03T04:15:00+00:00,2026-05-03T04:45:00+00:00,"[14, 16, 17, 18, 19]"
APE_USDT_SWAP,388,2026-05-03T04:15:00+00:00,375,2026-05-03T01:00:00+00:00,14,0.7156850695610046,0.3623335659503937,0.5040873885154724,0.7871955633163452,0.8825873732566833,380,385,382.5,2026-05-03T02:15:00+00:00,2026-05-03T03:30:00+00:00,2026-05-03T02:45:00+00:00,6,3,5b1d7cd5ca0419cc,20,0.7156850695610046,2026-05-03T04:15:00+00:00,2026-05-03T05:00:00+00:00,"[13, 14, 15, 16, 17, 18, 19]"
API3_USDT_SWAP,388,2026-05-03T04:15:00+00:00,375,2026-05-03T01:00:00+00:00,14,0.3264736533164978,0.34926846623420715,0.5217615962028503,0.7912065982818604,0.6719353199005127,380,385,382.5,2026-05-03T02:15:00+00:00,2026-05-03T03:30:00+00:00,2026-05-03T02:45:00+00:00,6,3,52aef1e83ae03cec,4,0.38606858253479004,2026-05-03T04:15:00+00:00,2026-05-03T04:45:00+00:00,"[14, 15]"
AUCTION_USDT_SWAP,388,2026-05-03T04:15:00+00:00,375,2026-05-03T01:00:00+00:00,14,0.4258801341056824,0.35029739141464233,0.4741533100605011,0.7858842611312866,0.5536446571350098,380,385,382.5,2026-05-03T02:15:00+00:00,2026-05-03T03:30:00+00:00,2026-05-03T02:45:00+00:00,6,3,87d1c092b937de03,4,0.4258801341056824,2026-05-03T04:15:00+00:00,2026-05-03T04:30:00+00:00,"[14, 15, 16]"
AVAX_USDT_SWAP,388,2026-05-03T04:15:00+00:00,377,2026-05-03T01:30:00+00:00,12,0.34754565358161926,0.4311552047729492,0.5498762726783752,0.7514497637748718,0.6148970127105713,382,385,383.5,2026-05-03T02:45:00+00:00,2026-05-03T03:30:00+00:00,2026-05-03T03:15:00+00:00,4,3,082dab1a8ddc0803,26,0.5658808946609497,2026-05-03T04:15:00+00:00,2026-05-03T05:15:00+00:00,"[12, 13, 14, 15, 16, 17, 18, 19]"
AZTEC_USDT_SWAP,388,2026-05-03T04:15:00+00:00,375,2026-05-03T01:00:00+00:00,14,0.4746933579444885,0.35552164912223816,0.5338267683982849,0.7886437773704529,0.6291318535804749,380,385,382.5,2026-05-03T02:15:00+00:00,2026-05-03T03:30:00+00:00,2026-05-03T02:45:00+00:00,6,3,f6335cc92c7844f1,11,0.4746933579444885,2026-05-03T04:15:00+00:00,2026-05-03T04:45:00+00:00,"[14, 15, 16, 17, 18, 19]"
DASH_USDT_SWAP,388,2026-05-03T04:15:00+00:00,375,2026-05-03T01:00:00+00:00,14,0.25163665413856506,0.3477397561073303,0.39980119466781616,0.7903186678886414,0.6009082794189453,379,385,382.0,2026-05-03T02:00:00+00:00,2026-05-03T03:30:00+00:00,2026-05-03T02:45:00+00:00,7,3,e35e6153bcd7390c,2,0.42130327224731445,2026-05-03T04:15:00+00:00,2026-05-03T04:30:00+00:00,"[14, 19]"
ETH_USDT_SWAP,388,2026-05-03T04:15:00+00:00,375,2026-05-03T01:00:00+00:00,14,0.30321523547172546,0.35611870884895325,0.5103292465209961,0.7951669692993164,0.5522189736366272,380,385,382.5,2026-05-03T02:15:00+00:00,2026-05-03T03:30:00+00:00,2026-05-03T02:45:00+00:00,6,3,586c2cbc8b191c92,19,0.4641745984554291,2026-05-03T04:15:00+00:00,2026-05-03T05:30:00+00:00,"[14, 15, 16, 17, 18]"
NMR_USDT_SWAP,388,2026-05-03T04:15:00+00:00,375,2026-05-03T01:00:00+00:00,14,0.26312872767448425,0.3559172451496124,0.47576144337654114,0.7970066070556641,0.5935983061790466,380,385,382.5,2026-05-03T02:15:00+00:00,2026-05-03T03:30:00+00:00,2026-05-03T02:45:00+00:00,6,3,5c21b18d4fcfdf9a,11,0.5306344628334045,2026-05-03T04:15:00+00:00,2026-05-03T05:30:00+00:00,"[14, 15, 16, 17, 18]"
RAY_USDT_SWAP,388,2026-05-03T04:15:00+00:00,375,2026-05-03T01:00:00+00:00,14,0.42321765422821045,0.34909534454345703,0.4650127589702606,0.7864315509796143,0.7206647396087646,380,385,382.5,2026-05-03T02:15:00+00:00,2026-05-03T03:30:00+00:00,2026-05-03T02:45:00+00:00,6,3,e64d8aaced182d7d,6,0.42321765422821045,2026-05-03T04:15:00+00:00,2026-05-03T04:45:00+00:00,"[14, 16, 17]"
RVN_USDT_SWAP,388,2026-05-03T04:15:00+00:00,373,2026-05-03T00:30:00+00:00,16,0.2900865375995636,0.3130990266799927,0.49183890223503113,0.7527940273284912,0.5752629041671753,378,384,381.0,2026-05-03T01:45:00+00:00,2026-05-03T03:15:00+00:00,2026-05-03T02:30:00+00:00,7,4,9215d543216375d0,4,0.3090209662914276,2026-05-03T04:15:00+00:00,2026-05-03T04:30:00+00:00,"[14, 16]"
ZRO_USDT_SWAP,388,2026-05-03T04:15:00+00:00,376,2026-05-03T01:15:00+00:00,13,0.316572368144989,0.3895666003227234,0.4163788855075836,0.77192223072052,0.6322559118270874,381,385,383.0,2026-05-03T02:30:00+00:00,2026-05-03T03:30:00+00:00,2026-05-03T03:00:00+00:00,5,3,b24ff815af6a44cf,19,0.7604749798774719,2026-05-03T04:15:00+00:00,2026-05-03T05:15:00+00:00,"[13, 14, 15, 16, 17, 18, 19]"
BAT_USDT_SWAP,389,2026-05-03T04:30:00+00:00,376,2026-05-03T01:15:00+00:00,14,0.2595190107822418,0.35211753845214844,0.5245088338851929,0.7820459008216858,0.569784939289093,381,386,383.5,2026-05-03T02:30:00+00:00,2026-05-03T03:45:00+00:00,2026-05-03T03:15:00+00:00,6,3,ac2dc0e910d96354,9,0.46963584423065186,2026-05-03T04:30:00+00:00,2026-05-03T05:45:00+00:00,"[13, 14, 15, 16, 18, 19]"
COIN_USDT_SWAP,389,2026-05-03T04:30:00+00:00,376,2026-05-03T01:15:00+00:00,14,0.338809072971344,0.3489767909049988,0.4942105710506439,0.7819252014160156,0.5344341397285461,380,386,383.0,2026-05-03T02:15:00+00:00,2026-05-03T03:45:00+00:00,2026-05-03T03:00:00+00:00,7,3,66c40bf0d15c1566,11,0.37557974457740784,2026-05-03T04:30:00+00:00,2026-05-03T05:15:00+00:00,"[14, 15, 16, 17, 18]"
DOOD_USDT_SWAP,389,2026-05-03T04:30:00+00:00,376,2026-05-03T01:15:00+00:00,14,0.792269766330719,0.349534809589386,0.5130652785301208,0.7891131043434143,0.7026709914207458,381,386,383.5,2026-05-03T02:30:00+00:00,2026-05-03T03:45:00+00:00,2026-05-03T03:15:00+00:00,6,3,7fdae96d876ea8bb,29,0.792269766330719,2026-05-03T04:30:00+00:00,2026-05-03T05:45:00+00:00,"[13, 14, 15, 16, 17, 18, 19]"
EGLD_USDT_SWAP,389,2026-05-03T04:30:00+00:00,376,2026-05-03T01:15:00+00:00,14,0.36503979563713074,0.3577825427055359,0.5312758088111877,0.793669581413269,0.5867500901222229,381,386,383.5,2026-05-03T02:30:00+00:00,2026-05-03T03:45:00+00:00,2026-05-03T03:15:00+00:00,6,3,dc13c4c1a6d05694,15,0.5017170906066895,2026-05-03T04:30:00+00:00,2026-05-03T06:00:00+00:00,"[14, 15, 16, 17, 18]"
FARTCOIN_USDT_SWAP,389,2026-05-03T04:30:00+00:00,376,2026-05-03T01:15:00+00:00,14,0.27340707182884216,0.35705530643463135,0.5903549194335938,0.7885361909866333,0.682896077632904,381,386,383.5,2026-05-03T02:30:00+00:00,2026-05-03T03:45:00+00:00,2026-05-03T03:15:00+00:00,6,3,cbb035f2f3b3534f,3,0.43359464406967163,2026-05-03T04:30:00+00:00,2026-05-03T05:00:00+00:00,"[14, 18, 19]"
INJ_USDT_SWAP,389,2026-05-03T04:30:00+00:00,377,2026-05-03T01:30:00+00:00,13,0.2802869975566864,0.35992497205734253,0.545856773853302,0.7684072852134705,0.6363846659660339,381,386,383.5,2026-05-03T02:30:00+00:00,2026-05-03T03:45:00+00:00,2026-05-03T03:15:00+00:00,6,3,b1624e70d343b710,1,0.2802869975566864,2026-05-03T04:30:00+00:00,2026-05-03T04:30:00+00:00,[13]
MMT_USDT_SWAP,389,2026-05-03T04:30:00+00:00,376,2026-05-03T01:15:00+00:00,14,0.28779029846191406,0.3572385907173157,0.5014998316764832,0.7918168306350708,0.5889272093772888,381,386,383.5,2026-05-03T02:30:00+00:00,2026-05-03T03:45:00+00:00,2026-05-03T03:15:00+00:00,6,3,d4ea3c89e9775abf,1,0.28779029846191406,2026-05-03T04:30:00+00:00,2026-05-03T04:30:00+00:00,[14]
PEOPLE_USDT_SWAP,389,2026-05-03T04:30:00+00:00,377,2026-05-03T01:30:00+00:00,13,0.2851995825767517,0.31902799010276794,0.5932515263557434,0.7662829160690308,0.7324426174163818,381,386,383.5,2026-05-03T02:30:00+00:00,2026-05-03T03:45:00+00:00,2026-05-03T03:15:00+00:00,6,3,8dcd7e6ffe8302b4,7,0.5963939428329468,2026-05-03T04:30:00+00:00,2026-05-03T05:30:00+00:00,"[13, 16, 17, 19]"
PROVE_USDT_SWAP,389,2026-05-03T04:30:00+00:00,376,2026-05-03T01:15:00+00:00,14,0.4770698845386505,0.3494187593460083,0.48343032598495483,0.7909136414527893,0.600412905216217,381,386,383.5,2026-05-03T02:30:00+00:00,2026-05-03T03:45:00+00:00,2026-05-03T03:15:00+00:00,6,3,cd294490bea8bef9,14,0.5623394250869751,2026-05-03T04:30:00+00:00,2026-05-03T05:45:00+00:00,"[13, 14, 16, 17, 18, 19]"
SOL_USDT_SWAP,389,2026-05-03T04:30:00+00:00,375,2026-05-03T01:00:00+00:00,15,0.399045467376709,0.34181129932403564,0.5201312899589539,0.8011491894721985,0.565129816532135,380,386,383.0,2026-05-03T02:15:00+00:00,2026-05-03T03:45:00+00:00,2026-05-03T03:00:00+00:00,7,3,e71ec06655f86e93,25,0.44527289271354675,2026-05-03T04:30:00+00:00,2026-05-03T05:30:00+00:00,"[13, 14, 15, 16, 17, 18, 19]"
STRK_USDT_SWAP,389,2026-05-03T04:30:00+00:00,376,2026-05-03T01:15:00+00:00,14,0.25127190351486206,0.35377025604248047,0.49709585309028625,0.791103720664978,0.5879177451133728,381,386,383.5,2026-05-03T02:30:00+00:00,2026-05-03T03:45:00+00:00,2026-05-03T03:15:00+00:00,6,3,89eb655dc946344a,2,0.2938232123851776,2026-05-03T04:30:00+00:00,2026-05-03T05:45:00+00:00,[14]
W_USDT_SWAP,389,2026-05-03T04:30:00+00:00,376,2026-05-03T01:15:00+00:00,14,0.6766647100448608,0.3538300693035126,0.5402318835258484,0.7894554138183594,0.6426271796226501,381,386,383.5,2026-05-03T02:30:00+00:00,2026-05-03T03:45:00+00:00,2026-05-03T03:15:00+00:00,6,3,88680a2a2134b70f,25,0.7075578570365906,2026-05-03T04:30:00+00:00,2026-05-03T05:30:00+00:00,"[14, 15, 16, 17, 18, 19]"
AAVE_USDT_SWAP,390,2026-05-03T04:45:00+00:00,377,2026-05-03T01:30:00+00:00,14,0.3413774073123932,0.35761773586273193,0.5227509140968323,0.7940554022789001,0.5871126055717468,382,387,384.5,2026-05-03T02:45:00+00:00,2026-05-03T04:00:00+00:00,2026-05-03T03:15:00+00:00,6,3,89309c9138cec634,7,0.3447224795818329,2026-05-03T04:45:00+00:00,2026-05-03T05:15:00+00:00,"[14, 16, 17, 18]"
CELO_USDT_SWAP,390,2026-05-03T04:45:00+00:00,377,2026-05-03T01:30:00+00:00,14,0.281933456659317,0.35841256380081177,0.5707835555076599,0.7957590818405151,0.6795393228530884,382,387,384.5,2026-05-03T02:45:00+00:00,2026-05-03T04:00:00+00:00,2026-05-03T03:15:00+00:00,6,3,2498b824774dad4f,2,0.281933456659317,2026-05-03T04:45:00+00:00,2026-05-03T04:45:00+00:00,"[14, 19]"
H_USDT_SWAP,390,2026-05-03T04:45:00+00:00,379,2026-05-03T02:00:00+00:00,12,0.6167283058166504,0.43101638555526733,0.4734995663166046,0.7465829253196716,0.5718606114387512,384,387,385.5,2026-05-03T03:15:00+00:00,2026-05-03T04:00:00+00:00,2026-05-03T03:45:00+00:00,4,3,329e6c93c5880754,25,0.9515323042869568,2026-05-03T04:45:00+00:00,2026-05-03T05:45:00+00:00,"[12, 13, 14, 15, 16, 17, 18, 19]"
ONE_USDT_SWAP,390,2026-05-03T04:45:00+00:00,377,2026-05-03T01:30:00+00:00,14,0.5764272809028625,0.3579190969467163,0.5393850207328796,0.7902002930641174,0.6526241302490234,382,387,384.5,2026-05-03T02:45:00+00:00,2026-05-03T04:00:00+00:00,2026-05-03T03:15:00+00:00,6,3,e6f3797d7e6bd129,38,0.7312463521957397,2026-05-03T04:45:00+00:00,2026-05-03T06:15:00+00:00,"[13, 14, 15, 16, 17, 18, 19]"
PARTI_USDT_SWAP,390,2026-05-03T04:45:00+00:00,378,2026-05-03T01:45:00+00:00,13,0.854436993598938,0.3928985595703125,0.41652435064315796,0.7734376192092896,0.6365349888801575,383,387,385.0,2026-05-03T03:00:00+00:00,2026-05-03T04:00:00+00:00,2026-05-03T03:30:00+00:00,5,3,08b38f5082ff88f9,40,0.9202705025672913,2026-05-03T04:45:00+00:00,2026-05-03T06:00:00+00:00,"[13, 14, 15, 16, 17, 18, 19]"
QTUM_USDT_SWAP,390,2026-05-03T04:45:00+00:00,377,2026-05-03T01:30:00+00:00,14,0.34467604756355286,0.3579152822494507,0.5076201558113098,0.7914322018623352,0.5708630681037903,382,387,384.5,2026-05-03T02:45:00+00:00,2026-05-03T04:00:00+00:00,2026-05-03T03:15:00+00:00,6,3,8790cd2504c395b6,4,0.34467604756355286,2026-05-03T04:45:00+00:00,2026-05-03T05:00:00+00:00,"[14, 16, 18]"
TRUTH_USDT_SWAP,390,2026-05-03T04:45:00+00:00,375,2026-05-03T01:00:00+00:00,16,0.2772156894207001,0.3141644597053528,0.5719964504241943,0.7512342929840088,0.6744418740272522,380,386,383.0,2026-05-03T02:15:00+00:00,2026-05-03T03:45:00+00:00,2026-05-03T03:00:00+00:00,7,4,287640951a117da0,1,0.2772156894207001,2026-05-03T04:45:00+00:00,2026-05-03T04:45:00+00:00,[16]
YFI_USDT_SWAP,390,2026-05-03T04:45:00+00:00,377,2026-05-03T01:30:00+00:00,14,0.47832024097442627,0.35508793592453003,0.4778371751308441,0.7847322225570679,0.6094750165939331,382,387,384.5,2026-05-03T02:45:00+00:00,2026-05-03T04:00:00+00:00,2026-05-03T03:15:00+00:00,6,3,6924608879605314,15,0.49637332558631897,2026-05-03T04:45:00+00:00,2026-05-03T05:45:00+00:00,"[12, 14, 15, 16, 17, 18, 19]"
A_USDT_SWAP,391,2026-05-03T05:00:00+00:00,378,2026-05-03T01:45:00+00:00,14,0.5255018472671509,0.3602601885795593,0.5641765594482422,0.7851777672767639,0.6599887609481812,383,388,385.5,2026-05-03T03:00:00+00:00,2026-05-03T04:15:00+00:00,2026-05-03T03:45:00+00:00,6,3,7b855c7263d9f91e,9,0.5255018472671509,2026-05-03T05:00:00+00:00,2026-05-03T05:30:00+00:00,"[14, 16, 17, 18]"
KAITO_USDT_SWAP,391,2026-05-03T05:00:00+00:00,378,2026-05-03T01:45:00+00:00,14,0.28038713335990906,0.3448871672153473,0.27629610896110535,0.7892813086509705,0.5463521480560303,382,388,385.0,2026-05-03T02:45:00+00:00,2026-05-03T04:15:00+00:00,2026-05-03T03:30:00+00:00,7,3,ba4ea3502307f4cf,2,0.2939665913581848,2026-05-03T05:00:00+00:00,2026-05-03T05:30:00+00:00,"[14, 16]"
LINEA_USDT_SWAP,391,2026-05-03T05:00:00+00:00,376,2026-05-03T01:15:00+00:00,16,0.2695353925228119,0.31118208169937134,0.4537001848220825,0.7490562796592712,0.7312009334564209,381,387,384.0,2026-05-03T02:30:00+00:00,2026-05-03T04:00:00+00:00,2026-05-03T03:15:00+00:00,7,4,364e90a02b5af92d,1,0.2695353925228119,2026-05-03T05:00:00+00:00,2026-05-03T05:00:00+00:00,[16]
LQTY_USDT_SWAP,391,2026-05-03T05:00:00+00:00,378,2026-05-03T01:45:00+00:00,14,0.37151163816452026,0.3474811315536499,0.5608734488487244,0.7901867032051086,0.6763771772384644,382,388,385.0,2026-05-03T02:45:00+00:00,2026-05-03T04:15:00+00:00,2026-05-03T03:30:00+00:00,7,3,1e13010bcbbcf5cb,2,0.37151163816452026,2026-05-03T05:00:00+00:00,2026-05-03T05:00:00+00:00,"[14, 19]"
LTC_USDT_SWAP,391,2026-05-03T05:00:00+00:00,378,2026-05-03T01:45:00+00:00,14,0.32805824279785156,0.35437649488449097,0.5008869171142578,0.7905876040458679,0.5674425959587097,383,388,385.5,2026-05-03T03:00:00+00:00,2026-05-03T04:15:00+00:00,2026-05-03T03:45:00+00:00,6,3,2b267c0ae24e64ca,1,0.32805824279785156,2026-05-03T05:00:00+00:00,2026-05-03T05:00:00+00:00,[14]
MANA_USDT_SWAP,391,2026-05-03T05:00:00+00:00,378,2026-05-03T01:45:00+00:00,14,0.4235604405403137,0.3545503318309784,0.4782436788082123,0.7914829254150391,0.5519935488700867,383,388,385.5,2026-05-03T03:00:00+00:00,2026-05-03T04:15:00+00:00,2026-05-03T03:45:00+00:00,6,3,b58a31025a0ffbd7,35,0.5682995319366455,2026-05-03T05:00:00+00:00,2026-05-03T06:15:00+00:00,"[12, 13, 14, 15, 16, 17, 18, 19]"
SPX_USDT_SWAP,391,2026-05-03T05:00:00+00:00,378,2026-05-03T01:45:00+00:00,14,0.28568974137306213,0.3595784306526184,0.54185551404953,0.7916384339332581,0.6402158737182617,383,388,385.5,2026-05-03T03:00:00+00:00,2026-05-03T04:15:00+00:00,2026-05-03T03:45:00+00:00,6,3,a4b66b62d7ba2d2d,19,0.6877726316452026,2026-05-03T05:00:00+00:00,2026-05-03T06:30:00+00:00,"[14, 15, 16, 17, 18, 19]"
BICO_USDT_SWAP,392,2026-05-03T05:15:00+00:00,379,2026-05-03T02:00:00+00:00,14,0.38377806544303894,0.3551280200481415,0.42989352345466614,0.7916120290756226,0.5324537754058838,384,389,386.5,2026-05-03T03:15:00+00:00,2026-05-03T04:30:00+00:00,2026-05-03T03:45:00+00:00,6,3,b334f9af60c87aa1,29,0.7113962173461914,2026-05-03T05:15:00+00:00,2026-05-03T06:30:00+00:00,"[13, 14, 15, 16, 17, 18, 19]"
LINK_USDT_SWAP,392,2026-05-03T05:15:00+00:00,379,2026-05-03T02:00:00+00:00,14,0.2694743573665619,0.3546409606933594,0.5212273597717285,0.7899900078773499,0.5598877668380737,384,389,386.5,2026-05-03T03:15:00+00:00,2026-05-03T04:30:00+00:00,2026-05-03T03:45:00+00:00,6,3,ffbc21412b8f9b0c,1,0.2694743573665619,2026-05-03T05:15:00+00:00,2026-05-03T05:15:00+00:00,[14]
PI_USDT_SWAP,392,2026-05-03T05:15:00+00:00,379,2026-05-03T02:00:00+00:00,14,0.4435226321220398,0.35332268476486206,0.46544209122657776,0.7872968912124634,0.5871219635009766,384,389,386.5,2026-05-03T03:15:00+00:00,2026-05-03T04:30:00+00:00,2026-05-03T03:45:00+00:00,6,3,3770cb906cb25e0b,11,0.510925829410553,2026-05-03T05:15:00+00:00,2026-05-03T06:30:00+00:00,"[14, 15, 16, 17, 18, 19]"
ONT_USDT_SWAP,393,2026-05-03T05:30:00+00:00,380,2026-05-03T02:15:00+00:00,14,0.39780017733573914,0.3523305058479309,0.43796324729919434,0.7912322878837585,0.5225517749786377,385,390,387.5,2026-05-03T03:30:00+00:00,2026-05-03T04:45:00+00:00,2026-05-03T04:15:00+00:00,6,3,583da3c26fe4fd24,12,0.5413091778755188,2026-05-03T05:30:00+00:00,2026-05-03T06:15:00+00:00,"[14, 15, 16, 17, 18, 19]"
SENT_USDT_SWAP,393,2026-05-03T05:30:00+00:00,380,2026-05-03T02:15:00+00:00,14,0.28900256752967834,0.35173237323760986,0.5218608379364014,0.7921820282936096,0.5938896536827087,385,390,387.5,2026-05-03T03:30:00+00:00,2026-05-03T04:45:00+00:00,2026-05-03T04:15:00+00:00,6,3,63507607730b3897,1,0.28900256752967834,2026-05-03T05:30:00+00:00,2026-05-03T05:30:00+00:00,[14]
XTZ_USDT_SWAP,393,2026-05-03T05:30:00+00:00,380,2026-05-03T02:15:00+00:00,14,0.2540976107120514,0.35294291377067566,0.408285915851593,0.7900861501693726,0.49950164556503296,385,390,387.5,2026-05-03T03:30:00+00:00,2026-05-03T04:45:00+00:00,2026-05-03T04:15:00+00:00,6,3,9807cdc6515bd3d2,10,0.5248184204101562,2026-05-03T05:30:00+00:00,2026-05-03T06:30:00+00:00,"[14, 16, 17, 18]"
ZETA_USDT_SWAP,393,2026-05-03T05:30:00+00:00,380,2026-05-03T02:15:00+00:00,14,0.280840128660202,0.3546404540538788,0.49676430225372314,0.7894510626792908,0.6030899882316589,385,390,387.5,2026-05-03T03:30:00+00:00,2026-05-03T04:45:00+00:00,2026-05-03T04:15:00+00:00,6,3,b1b0f2e3660daca4,3,0.3076530694961548,2026-05-03T05:30:00+00:00,2026-05-03T05:45:00+00:00,"[14, 16]"
AIXBT_USDT_SWAP,394,2026-05-03T05:45:00+00:00,380,2026-05-03T02:15:00+00:00,15,0.2746264636516571,0.3542156517505646,0.14485852420330048,0.8166800737380981,0.5441899299621582,385,392,388.5,2026-05-03T03:30:00+00:00,2026-05-03T05:15:00+00:00,2026-05-03T04:15:00+00:00,8,2,29ede3d60371912f,2,0.2746264636516571,2026-05-03T05:45:00+00:00,2026-05-03T06:00:00+00:00,"[14, 15]"
BAT_USDT_SWAP,394,2026-05-03T05:45:00+00:00,383,2026-05-03T03:00:00+00:00,12,0.4023898243904114,0.3873451352119446,0.47827741503715515,0.7557214498519897,0.5602985620498657,387,391,389.0,2026-05-03T04:00:00+00:00,2026-05-03T05:00:00+00:00,2026-05-03T04:30:00+00:00,5,3,60c08984d2782a7e,33,0.5231012105941772,2026-05-03T05:45:00+00:00,2026-05-03T07:15:00+00:00,"[12, 13, 14, 15, 16, 17, 18, 19]"
DOGE_USDT_SWAP,394,2026-05-03T05:45:00+00:00,381,2026-05-03T02:30:00+00:00,14,0.27049124240875244,0.3560146987438202,0.4388507008552551,0.7894008159637451,0.5113531351089478,386,391,388.5,2026-05-03T03:45:00+00:00,2026-05-03T05:00:00+00:00,2026-05-03T04:15:00+00:00,6,3,1e4828acf93114c6,31,0.6651801466941833,2026-05-03T05:45:00+00:00,2026-05-03T07:00:00+00:00,"[14, 15, 16, 17, 18, 19]"
ETH_USDT_SWAP,394,2026-05-03T05:45:00+00:00,381,2026-05-03T02:30:00+00:00,14,0.2578468322753906,0.3511023223400116,0.49513474106788635,0.7885084748268127,0.5375925898551941,386,391,388.5,2026-05-03T03:45:00+00:00,2026-05-03T05:00:00+00:00,2026-05-03T04:15:00+00:00,6,3,faba6a4111159267,3,0.2687886953353882,2026-05-03T05:45:00+00:00,2026-05-03T06:45:00+00:00,"[14, 16, 18]"
BREV_USDT_SWAP,395,2026-05-03T06:00:00+00:00,382,2026-05-03T02:45:00+00:00,14,0.25770267844200134,0.34888285398483276,0.4083983302116394,0.7885021567344666,0.5076984763145447,386,392,389.0,2026-05-03T03:45:00+00:00,2026-05-03T05:15:00+00:00,2026-05-03T04:30:00+00:00,7,3,4d068ee80e7001b7,2,0.37607720494270325,2026-05-03T06:00:00+00:00,2026-05-03T06:30:00+00:00,"[14, 16]"
LA_USDT_SWAP,395,2026-05-03T06:00:00+00:00,380,2026-05-03T02:15:00+00:00,16,0.2903798520565033,0.3132161498069763,0.5074518918991089,0.7493501305580139,0.6468493938446045,385,391,388.0,2026-05-03T03:30:00+00:00,2026-05-03T05:00:00+00:00,2026-05-03T04:15:00+00:00,7,4,ee35a9285c16e623,1,0.2903798520565033,2026-05-03T06:00:00+00:00,2026-05-03T06:00:00+00:00,[16]
SOON_USDT_SWAP,395,2026-05-03T06:00:00+00:00,382,2026-05-03T02:45:00+00:00,14,0.30155935883522034,0.3537389039993286,0.5450855493545532,0.7898033261299133,0.6298639178276062,387,392,389.5,2026-05-03T04:00:00+00:00,2026-05-03T05:15:00+00:00,2026-05-03T04:45:00+00:00,6,3,69724db7fb0bb3bf,32,0.7931312322616577,2026-05-03T06:00:00+00:00,2026-05-03T07:15:00+00:00,"[13, 14, 15, 16, 17, 18, 19]"
STRK_USDT_SWAP,395,2026-05-03T06:00:00+00:00,382,2026-05-03T02:45:00+00:00,14,0.28077176213264465,0.34963467717170715,0.4376773536205292,0.7895821928977966,0.5572816729545593,387,392,389.5,2026-05-03T04:00:00+00:00,2026-05-03T05:15:00+00:00,2026-05-03T04:45:00+00:00,6,3,876cacd1bf14913a,36,0.8625703454017639,2026-05-03T06:00:00+00:00,2026-05-03T07:30:00+00:00,"[12, 13, 14, 15, 16, 17, 18, 19]"
WOO_USDT_SWAP,395,2026-05-03T06:00:00+00:00,378,2026-05-03T01:45:00+00:00,18,0.300857812166214,0.3384350538253784,0.5137806534767151,0.718766987323761,0.6021385192871094,384,390,387.0,2026-05-03T03:15:00+00:00,2026-05-03T04:45:00+00:00,2026-05-03T04:00:00+00:00,7,5,9c1424f1f1965136,2,0.300857812166214,2026-05-03T06:00:00+00:00,2026-05-03T06:30:00+00:00,"[16, 18]"
API3_USDT_SWAP,396,2026-05-03T06:15:00+00:00,382,2026-05-03T02:45:00+00:00,15,0.34054774045944214,0.3422379791736603,0.3615729510784149,0.8054322004318237,0.5924041271209717,387,393,390.0,2026-05-03T04:00:00+00:00,2026-05-03T05:30:00+00:00,2026-05-03T04:45:00+00:00,7,3,6cdc4fd2ed8bd30f,17,0.8158472180366516,2026-05-03T06:15:00+00:00,2026-05-03T07:15:00+00:00,"[13, 14, 15, 16, 17]"
EGLD_USDT_SWAP,396,2026-05-03T06:15:00+00:00,383,2026-05-03T03:00:00+00:00,14,0.4463134706020355,0.3545215427875519,0.488395094871521,0.792098879814148,0.5598993301391602,388,393,390.5,2026-05-03T04:15:00+00:00,2026-05-03T05:30:00+00:00,2026-05-03T04:45:00+00:00,6,3,bd7a173d09375b31,6,0.4463134706020355,2026-05-03T06:15:00+00:00,2026-05-03T06:45:00+00:00,"[14, 15, 16, 18]"
IOST_USDT_SWAP,396,2026-05-03T06:15:00+00:00,381,2026-05-03T02:30:00+00:00,16,0.25169306993484497,0.3108029067516327,0.5028529167175293,0.7537849545478821,0.5597488284111023,386,392,389.0,2026-05-03T03:45:00+00:00,2026-05-03T05:15:00+00:00,2026-05-03T04:30:00+00:00,7,4,af8533c4b7daf7c5,12,0.48812052607536316,2026-05-03T06:15:00+00:00,2026-05-03T07:00:00+00:00,"[13, 14, 15, 16, 17, 18, 19]"
NOT_USDT_SWAP,396,2026-05-03T06:15:00+00:00,383,2026-05-03T03:00:00+00:00,14,0.2711050510406494,0.3205905258655548,0.5299177765846252,0.7878021597862244,0.6783060431480408,387,393,390.0,2026-05-03T04:00:00+00:00,2026-05-03T05:30:00+00:00,2026-05-03T04:45:00+00:00,7,3,381bd5e638c6f22d,2,0.28202369809150696,2026-05-03T06:15:00+00:00,2026-05-03T06:30:00+00:00,"[14, 16]"
ONE_USDT_SWAP,396,2026-05-03T06:15:00+00:00,383,2026-05-03T03:00:00+00:00,14,0.5754662752151489,0.34100520610809326,0.5269386768341064,0.7863122224807739,0.675972580909729,387,393,390.0,2026-05-03T04:00:00+00:00,2026-05-03T05:30:00+00:00,2026-05-03T04:45:00+00:00,7,3,63f6548aab75ebf0,14,0.6039379239082336,2026-05-03T06:15:00+00:00,2026-05-03T06:45:00+00:00,"[14, 15, 16, 17, 18, 19]"
PARTI_USDT_SWAP,396,2026-05-03T06:15:00+00:00,383,2026-05-03T03:00:00+00:00,14,0.6678880453109741,0.35738563537597656,0.3859493136405945,0.7873764038085938,0.5965868830680847,388,393,390.5,2026-05-03T04:15:00+00:00,2026-05-03T05:30:00+00:00,2026-05-03T04:45:00+00:00,6,3,395cab10bd546e58,19,0.6767352223396301,2026-05-03T06:15:00+00:00,2026-05-03T06:45:00+00:00,"[13, 14, 15, 16, 17, 18, 19]"
PEPE_USDT_SWAP,396,2026-05-03T06:15:00+00:00,383,2026-05-03T03:00:00+00:00,14,0.2539615333080292,0.34908217191696167,0.457311749458313,0.786626935005188,0.5369082689285278,388,393,390.5,2026-05-03T04:15:00+00:00,2026-05-03T05:30:00+00:00,2026-05-03T04:45:00+00:00,6,3,6c4019567bf38bfd,3,0.3769034743309021,2026-05-03T06:15:00+00:00,2026-05-03T06:45:00+00:00,"[14, 16, 17]"
PROVE_USDT_SWAP,396,2026-05-03T06:15:00+00:00,383,2026-05-03T03:00:00+00:00,14,0.31961414217948914,0.34147560596466064,0.5162231922149658,0.7891770005226135,0.6117141246795654,387,393,390.0,2026-05-03T04:00:00+00:00,2026-05-03T05:30:00+00:00,2026-05-03T04:45:00+00:00,7,3,20ed9853edaa3d2f,7,0.45133480429649353,2026-05-03T06:15:00+00:00,2026-05-03T06:45:00+00:00,"[14, 16, 17, 18]"
RESOLV_USDT_SWAP,396,2026-05-03T06:15:00+00:00,383,2026-05-03T03:00:00+00:00,14,0.3156798183917999,0.3521236181259155,0.4116547703742981,0.7909237146377563,0.579663097858429,388,393,390.5,2026-05-03T04:15:00+00:00,2026-05-03T05:30:00+00:00,2026-05-03T04:45:00+00:00,6,3,f5240a14d0f391c3,9,0.5102285146713257,2026-05-03T06:15:00+00:00,2026-05-03T07:00:00+00:00,"[14, 15, 16, 17]"
SAND_USDT_SWAP,396,2026-05-03T06:15:00+00:00,383,2026-05-03T03:00:00+00:00,14,0.32325541973114014,0.35382163524627686,0.45753467082977295,0.787868320941925,0.5402761697769165,388,393,390.5,2026-05-03T04:15:00+00:00,2026-05-03T05:30:00+00:00,2026-05-03T04:45:00+00:00,6,3,d232602d4f1257e3,4,0.35686326026916504,2026-05-03T06:15:00+00:00,2026-05-03T06:30:00+00:00,"[14, 15, 16, 17]"
SEI_USDT_SWAP,396,2026-05-03T06:15:00+00:00,383,2026-05-03T03:00:00+00:00,14,0.2862200140953064,0.34181374311447144,0.4976109564304352,0.787331223487854,0.5977020263671875,387,393,390.0,2026-05-03T04:00:00+00:00,2026-05-03T05:30:00+00:00,2026-05-03T04:45:00+00:00,7,3,764d2b0d05c4d949,4,0.32839247584342957,2026-05-03T06:15:00+00:00,2026-05-03T06:45:00+00:00,"[14, 16]"
TIA_USDT_SWAP,396,2026-05-03T06:15:00+00:00,383,2026-05-03T03:00:00+00:00,14,0.32523876428604126,0.32582053542137146,0.5251370072364807,0.7892069220542908,0.6364736557006836,387,393,390.0,2026-05-03T04:00:00+00:00,2026-05-03T05:30:00+00:00,2026-05-03T04:45:00+00:00,7,3,91d94d8ccb5c8ff5,5,0.4782342314720154,2026-05-03T06:15:00+00:00,2026-05-03T06:45:00+00:00,"[14, 16, 17, 18]"
0G_USDT_SWAP,397,2026-05-03T06:30:00+00:00,384,2026-05-03T03:15:00+00:00,14,0.28013908863067627,0.346987783908844,0.45477771759033203,0.7900224924087524,0.5580366849899292,388,394,391.0,2026-05-03T04:15:00+00:00,2026-05-03T05:45:00+00:00,2026-05-03T05:00:00+00:00,7,3,5066d0748514bc30,1,0.28013908863067627,2026-05-03T06:30:00+00:00,2026-05-03T06:30:00+00:00,[14]
ENS_USDT_SWAP,397,2026-05-03T06:30:00+00:00,383,2026-05-03T03:00:00+00:00,15,0.2974432408809662,0.3418164551258087,0.463409960269928,0.805289089679718,0.5261750221252441,388,394,391.0,2026-05-03T04:15:00+00:00,2026-05-03T05:45:00+00:00,2026-05-03T05:00:00+00:00,7,3,fe12c50bbd58e818,3,0.3120305836200714,2026-05-03T06:30:00+00:00,2026-05-03T07:00:00+00:00,"[15, 16, 18]"
FARTCOIN_USDT_SWAP,397,2026-05-03T06:30:00+00:00,384,2026-05-03T03:15:00+00:00,14,0.4705078899860382,0.34564512968063354,0.4537017345428467,0.7865093350410461,0.5710939168930054,388,394,391.0,2026-05-03T04:15:00+00:00,2026-05-03T05:45:00+00:00,2026-05-03T05:00:00+00:00,7,3,a0032924015c6de8,11,0.7006821632385254,2026-05-03T06:30:00+00:00,2026-05-03T07:30:00+00:00,"[14, 15, 16, 17, 18]"
INJ_USDT_SWAP,397,2026-05-03T06:30:00+00:00,384,2026-05-03T03:15:00+00:00,14,0.4971647560596466,0.3504121005535126,0.3796170651912689,0.7866355776786804,0.6210594177246094,389,394,391.5,2026-05-03T04:30:00+00:00,2026-05-03T05:45:00+00:00,2026-05-03T05:15:00+00:00,6,3,9f5b5f75df5e3452,4,0.4971647560596466,2026-05-03T06:30:00+00:00,2026-05-03T06:45:00+00:00,"[14, 16, 17]"
MANA_USDT_SWAP,397,2026-05-03T06:30:00+00:00,384,2026-05-03T03:15:00+00:00,14,0.5077528953552246,0.3467588722705841,0.4673616588115692,0.7906640768051147,0.5666602849960327,388,394,391.0,2026-05-03T04:15:00+00:00,2026-05-03T05:45:00+00:00,2026-05-03T05:00:00+00:00,7,3,13c2f002107eda74,9,0.5077528953552246,2026-05-03T06:30:00+00:00,2026-05-03T06:45:00+00:00,"[13, 14, 15, 16, 17, 18]"
SPX_USDT_SWAP,397,2026-05-03T06:30:00+00:00,384,2026-05-03T03:15:00+00:00,14,0.5659949779510498,0.35350197553634644,0.4165416359901428,0.7906017303466797,0.5878462195396423,389,394,391.5,2026-05-03T04:30:00+00:00,2026-05-03T05:45:00+00:00,2026-05-03T05:15:00+00:00,6,3,91a87f8fb85b5288,18,0.6897662878036499,2026-05-03T06:30:00+00:00,2026-05-03T07:15:00+00:00,"[14, 15, 16, 17, 18, 19]"
BARD_USDT_SWAP,398,2026-05-03T06:45:00+00:00,384,2026-05-03T03:15:00+00:00,15,0.25680312514305115,0.34223681688308716,0.48886582255363464,0.8047119379043579,0.717624306678772,389,395,392.0,2026-05-03T04:30:00+00:00,2026-05-03T06:00:00+00:00,2026-05-03T05:15:00+00:00,7,3,52eae4d44f6f3033,2,0.27699047327041626,2026-05-03T06:45:00+00:00,2026-05-03T07:00:00+00:00,"[15, 16]"
BICO_USDT_SWAP,398,2026-05-03T06:45:00+00:00,384,2026-05-03T03:15:00+00:00,15,0.3682865500450134,0.3417741656303406,0.42633503675460815,0.8072444796562195,0.6907336115837097,389,395,392.0,2026-05-03T04:30:00+00:00,2026-05-03T06:00:00+00:00,2026-05-03T05:15:00+00:00,7,3,217a5636826f469d,4,0.3682865500450134,2026-05-03T06:45:00+00:00,2026-05-03T07:00:00+00:00,"[15, 16, 17, 18]"
ETHFI_USDT_SWAP,398,2026-05-03T06:45:00+00:00,385,2026-05-03T03:30:00+00:00,14,0.3461657464504242,0.3548482656478882,0.46644535660743713,0.7883194088935852,0.5369009971618652,390,395,392.5,2026-05-03T04:45:00+00:00,2026-05-03T06:00:00+00:00,2026-05-03T05:15:00+00:00,6,3,21983a6609728562,6,0.4631192684173584,2026-05-03T06:45:00+00:00,2026-05-03T07:00:00+00:00,"[12, 13, 14, 15, 17]"
H_USDT_SWAP,398,2026-05-03T06:45:00+00:00,385,2026-05-03T03:30:00+00:00,14,0.5419801473617554,0.3262849748134613,0.3492030203342438,0.7910892963409424,0.6285063624382019,389,395,392.0,2026-05-03T04:30:00+00:00,2026-05-03T06:00:00+00:00,2026-05-03T05:15:00+00:00,7,3,3d09b44a79137392,30,0.8195631504058838,2026-05-03T06:45:00+00:00,2026-05-03T08:00:00+00:00,"[12, 13, 14, 15, 16, 17, 18, 19]"
ICP_USDT_SWAP,398,2026-05-03T06:45:00+00:00,383,2026-05-03T03:00:00+00:00,16,0.2601098418235779,0.3109516203403473,0.42883238196372986,0.7534616589546204,0.5137817859649658,388,394,391.0,2026-05-03T04:15:00+00:00,2026-05-03T05:45:00+00:00,2026-05-03T05:00:00+00:00,7,4,22464aefe1919f3a,1,0.2601098418235779,2026-05-03T06:45:00+00:00,2026-05-03T06:45:00+00:00,[16]
PI_USDT_SWAP,398,2026-05-03T06:45:00+00:00,385,2026-05-03T03:30:00+00:00,14,0.26093706488609314,0.3442172110080719,0.4792768061161041,0.7924033999443054,0.6302543878555298,389,395,392.0,2026-05-03T04:30:00+00:00,2026-05-03T06:00:00+00:00,2026-05-03T05:15:00+00:00,7,3,3e49ea991666f43d,1,0.26093706488609314,2026-05-03T06:45:00+00:00,2026-05-03T06:45:00+00:00,[14]
PLUME_USDT_SWAP,398,2026-05-03T06:45:00+00:00,383,2026-05-03T03:00:00+00:00,16,0.2835876941680908,0.3116595447063446,0.4139788746833801,0.7519477605819702,0.5978440642356873,388,394,391.0,2026-05-03T04:15:00+00:00,2026-05-03T05:45:00+00:00,2026-05-03T05:00:00+00:00,7,4,2af218360887e3c1,8,0.5583289861679077,2026-05-03T06:45:00+00:00,2026-05-03T07:30:00+00:00,"[14, 15, 16, 17, 18]"
RAY_USDT_SWAP,398,2026-05-03T06:45:00+00:00,385,2026-05-03T03:30:00+00:00,14,0.28130513429641724,0.3630949854850769,0.4255923330783844,0.7889967560768127,0.5882762670516968,390,395,392.5,2026-05-03T04:45:00+00:00,2026-05-03T06:00:00+00:00,2026-05-03T05:15:00+00:00,6,3,fb98c1e9911d4ef9,1,0.28130513429641724,2026-05-03T06:45:00+00:00,2026-05-03T06:45:00+00:00,[14]
RVN_USDT_SWAP,398,2026-05-03T06:45:00+00:00,383,2026-05-03T03:00:00+00:00,16,0.3587149381637573,0.31232750415802,0.4533458948135376,0.7554062604904175,0.5386665463447571,388,394,391.0,2026-05-03T04:15:00+00:00,2026-05-03T05:45:00+00:00,2026-05-03T05:00:00+00:00,7,4,fa3a19512d7d0dc0,6,0.4064778983592987,2026-05-03T06:45:00+00:00,2026-05-03T07:15:00+00:00,"[14, 15, 16, 17, 18]"
DOOD_USDT_SWAP,399,2026-05-03T07:00:00+00:00,384,2026-05-03T03:15:00+00:00,16,0.25261425971984863,0.309987336397171,0.502114474773407,0.7554005980491638,0.6256820559501648,389,395,392.0,2026-05-03T04:30:00+00:00,2026-05-03T06:00:00+00:00,2026-05-03T05:15:00+00:00,7,4,0cd801ad5f834667,1,0.25261425971984863,2026-05-03T07:00:00+00:00,2026-05-03T07:00:00+00:00,[16]
MON_USDT_SWAP,399,2026-05-03T07:00:00+00:00,386,2026-05-03T03:45:00+00:00,14,0.35669422149658203,0.35104262828826904,0.41775035858154297,0.7924131155014038,0.6742697954177856,391,396,393.5,2026-05-03T05:00:00+00:00,2026-05-03T06:15:00+00:00,2026-05-03T05:45:00+00:00,6,3,c69282d9f38e390c,1,0.35669422149658203,2026-05-03T07:00:00+00:00,2026-05-03T07:00:00+00:00,[14]
ORCL_USDT_SWAP,399,2026-05-03T07:00:00+00:00,385,2026-05-03T03:30:00+00:00,15,0.2731325626373291,0.3778480589389801,0.45918047428131104,0.8048988580703735,0.5357256531715393,390,396,393.0,2026-05-03T04:45:00+00:00,2026-05-03T06:15:00+00:00,2026-05-03T05:30:00+00:00,7,3,85f218fe84a2355a,1,0.2731325626373291,2026-05-03T07:00:00+00:00,2026-05-03T07:00:00+00:00,[15]
TRB_USDT_SWAP,399,2026-05-03T07:00:00+00:00,386,2026-05-03T03:45:00+00:00,14,0.29572632908821106,0.3584287762641907,0.44906365871429443,0.7897329926490784,0.6629128456115723,391,396,393.5,2026-05-03T05:00:00+00:00,2026-05-03T06:15:00+00:00,2026-05-03T05:45:00+00:00,6,3,3db82a6b6872c9e4,2,0.37832316756248474,2026-05-03T07:00:00+00:00,2026-05-03T07:15:00+00:00,[14]
BAT_USDT_SWAP,400,2026-05-03T07:15:00+00:00,387,2026-05-03T04:00:00+00:00,14,0.29461079835891724,0.34998971223831177,0.4766584634780884,0.7893102169036865,0.5687175393104553,392,397,394.5,2026-05-03T05:15:00+00:00,2026-05-03T06:30:00+00:00,2026-05-03T05:45:00+00:00,6,3,d4d74c6581e725d2,5,0.3136563301086426,2026-05-03T07:15:00+00:00,2026-05-03T07:30:00+00:00,"[14, 16, 17, 19]"
GLM_USDT_SWAP,400,2026-05-03T07:15:00+00:00,387,2026-05-03T04:00:00+00:00,14,0.31802165508270264,0.3390910029411316,0.49251073598861694,0.7856649160385132,0.5862898826599121,391,397,394.0,2026-05-03T05:00:00+00:00,2026-05-03T06:30:00+00:00,2026-05-03T05:45:00+00:00,7,3,c67e65f09b9f6223,3,0.31802165508270264,2026-05-03T07:15:00+00:00,2026-05-03T07:15:00+00:00,"[14, 16, 17]"
SOON_USDT_SWAP,400,2026-05-03T07:15:00+00:00,389,2026-05-03T04:30:00+00:00,12,0.33857840299606323,0.3515464663505554,0.4746069610118866,0.7438501715660095,0.7334592938423157,393,397,395.0,2026-05-03T05:30:00+00:00,2026-05-03T06:30:00+00:00,2026-05-03T06:00:00+00:00,5,3,27b459427eec6430,6,0.5736239552497864,2026-05-03T07:15:00+00:00,2026-05-03T07:30:00+00:00,"[12, 13, 15, 17, 19]"
KAITO_USDT_SWAP,401,2026-05-03T07:30:00+00:00,388,2026-05-03T04:15:00+00:00,14,0.5860162377357483,0.35802438855171204,0.3227230906486511,0.7847328186035156,0.6557824611663818,393,398,395.5,2026-05-03T05:30:00+00:00,2026-05-03T06:45:00+00:00,2026-05-03T06:15:00+00:00,6,3,4078026801fb7847,27,0.9175550937652588,2026-05-03T07:30:00+00:00,2026-05-03T08:45:00+00:00,"[13, 14, 15, 16, 17, 18, 19]"
STRK_USDT_SWAP,401,2026-05-03T07:30:00+00:00,388,2026-05-03T04:15:00+00:00,14,0.37547510862350464,0.3534610867500305,0.4631059765815735,0.7915506958961487,0.6199737787246704,393,398,395.5,2026-05-03T05:30:00+00:00,2026-05-03T06:45:00+00:00,2026-05-03T06:15:00+00:00,6,3,5f6abaecf44e7986,9,0.4359797239303589,2026-05-03T07:30:00+00:00,2026-05-03T09:00:00+00:00,"[14, 15, 16, 17, 18, 19]"
API3_USDT_SWAP,403,2026-05-03T08:00:00+00:00,390,2026-05-03T04:45:00+00:00,14,0.30331286787986755,0.3569297194480896,0.40072932839393616,0.7882980704307556,0.6427648663520813,395,400,397.5,2026-05-03T06:00:00+00:00,2026-05-03T07:15:00+00:00,2026-05-03T06:45:00+00:00,6,3,e41795eb2af16800,3,0.30331286787986755,2026-05-03T08:00:00+00:00,2026-05-03T09:30:00+00:00,"[14, 16, 17]"
H_USDT_SWAP,403,2026-05-03T08:00:00+00:00,391,2026-05-03T05:00:00+00:00,13,0.30666297674179077,0.3935854732990265,0.4495691955089569,0.7743486762046814,0.6193364262580872,396,400,398.0,2026-05-03T06:15:00+00:00,2026-05-03T07:15:00+00:00,2026-05-03T06:45:00+00:00,5,3,bac6c6111278e0e2,25,0.7326828837394714,2026-05-03T08:00:00+00:00,2026-05-03T09:00:00+00:00,"[13, 14, 15, 16, 17, 18, 19]"
PARTI_USDT_SWAP,404,2026-05-03T08:15:00+00:00,392,2026-05-03T05:15:00+00:00,13,0.34657466411590576,0.4000399708747864,0.5072929859161377,0.7760040163993835,0.8896151781082153,397,401,399.0,2026-05-03T06:30:00+00:00,2026-05-03T07:30:00+00:00,2026-05-03T07:00:00+00:00,5,3,6ef179fa691cf8ea,2,0.34657466411590576,2026-05-03T08:15:00+00:00,2026-05-03T08:15:00+00:00,"[12, 13]"
PLUME_USDT_SWAP,404,2026-05-03T08:15:00+00:00,391,2026-05-03T05:00:00+00:00,14,0.2567264437675476,0.3549148440361023,0.5614280104637146,0.7902877926826477,0.664445698261261,396,401,398.5,2026-05-03T06:15:00+00:00,2026-05-03T07:30:00+00:00,2026-05-03T06:45:00+00:00,6,3,c42676ccd5d31bcf,1,0.2567264437675476,2026-05-03T08:15:00+00:00,2026-05-03T08:15:00+00:00,[14]
TRB_USDT_SWAP,405,2026-05-03T08:30:00+00:00,392,2026-05-03T05:15:00+00:00,14,0.3139289319515228,0.3170456290245056,0.4324365556240082,0.7843462228775024,0.5960701704025269,396,402,399.0,2026-05-03T06:15:00+00:00,2026-05-03T07:45:00+00:00,2026-05-03T07:00:00+00:00,7,3,6beeb68d849750c0,21,0.7069097757339478,2026-05-03T08:30:00+00:00,2026-05-03T09:30:00+00:00,"[13, 14, 15, 16, 17, 18, 19]"
IOST_USDT_SWAP,406,2026-05-03T08:45:00+00:00,392,2026-05-03T05:15:00+00:00,15,0.29570120573043823,0.341744989156723,0.47689059376716614,0.8041096925735474,0.5541569590568542,397,403,400.0,2026-05-03T06:30:00+00:00,2026-05-03T08:00:00+00:00,2026-05-03T07:15:00+00:00,7,3,e7b1571139beaa44,2,0.29570120573043823,2026-05-03T08:45:00+00:00,2026-05-03T08:45:00+00:00,"[14, 15]"
KAITO_USDT_SWAP,406,2026-05-03T08:45:00+00:00,394,2026-05-03T05:45:00+00:00,13,0.38429367542266846,0.39191392064094543,0.5218747854232788,0.772102952003479,0.6574833989143372,399,403,401.0,2026-05-03T07:00:00+00:00,2026-05-03T08:00:00+00:00,2026-05-03T07:30:00+00:00,5,3,71949498b1c444f6,36,0.8256521821022034,2026-05-03T08:45:00+00:00,2026-05-03T10:00:00+00:00,"[12, 13, 14, 15, 16, 17, 18, 19]"
NEO_USDT_SWAP,406,2026-05-03T08:45:00+00:00,392,2026-05-03T05:15:00+00:00,15,0.2873413860797882,0.3418514132499695,0.448275089263916,0.8051756620407104,0.511865496635437,397,403,400.0,2026-05-03T06:30:00+00:00,2026-05-03T08:00:00+00:00,2026-05-03T07:15:00+00:00,7,3,53cfec204195c193,25,0.7498086094856262,2026-05-03T08:45:00+00:00,2026-05-03T10:00:00+00:00,"[12, 13, 14, 15, 16, 17, 18, 19]"
SUI_USDT_SWAP,406,2026-05-03T08:45:00+00:00,393,2026-05-03T05:30:00+00:00,14,0.25161466002464294,0.3584555685520172,0.4616297483444214,0.7948795557022095,0.5359785556793213,398,403,400.5,2026-05-03T06:45:00+00:00,2026-05-03T08:00:00+00:00,2026-05-03T07:15:00+00:00,6,3,4de39ecb382eb2f1,13,0.3788314163684845,2026-05-03T08:45:00+00:00,2026-05-03T10:30:00+00:00,"[14, 15, 16, 17, 18]"
XTZ_USDT_SWAP,406,2026-05-03T08:45:00+00:00,393,2026-05-03T05:30:00+00:00,14,0.27491533756256104,0.3596198260784149,0.48217394948005676,0.7948761582374573,0.5554794073104858,398,403,400.5,2026-05-03T06:45:00+00:00,2026-05-03T08:00:00+00:00,2026-05-03T07:15:00+00:00,6,3,8d8179729610ba83,1,0.27491533756256104,2026-05-03T08:45:00+00:00,2026-05-03T08:45:00+00:00,[14]
ZEN_USDT_SWAP,406,2026-05-03T08:45:00+00:00,393,2026-05-03T05:30:00+00:00,14,0.35507190227508545,0.36068016290664673,0.44122377038002014,0.7925697565078735,0.5557048916816711,398,403,400.5,2026-05-03T06:45:00+00:00,2026-05-03T08:00:00+00:00,2026-05-03T07:15:00+00:00,6,3,c05e4bce0924fb60,13,0.6412407159805298,2026-05-03T08:45:00+00:00,2026-05-03T09:45:00+00:00,"[14, 15, 16, 17, 18]"
BNB_USDT_SWAP,407,2026-05-03T09:00:00+00:00,394,2026-05-03T05:45:00+00:00,14,0.2572707533836365,0.35510939359664917,0.47302958369255066,0.7939707040786743,0.5252200365066528,399,404,401.5,2026-05-03T07:00:00+00:00,2026-05-03T08:15:00+00:00,2026-05-03T07:45:00+00:00,6,3,dd0ab8747776d9c4,19,0.5487425923347473,2026-05-03T09:00:00+00:00,2026-05-03T10:00:00+00:00,"[14, 15, 16, 17, 18, 19]"
DASH_USDT_SWAP,407,2026-05-03T09:00:00+00:00,392,2026-05-03T05:15:00+00:00,16,0.2505016326904297,0.31376367807388306,0.40466099977493286,0.7535874843597412,0.5983270406723022,397,403,400.0,2026-05-03T06:30:00+00:00,2026-05-03T08:00:00+00:00,2026-05-03T07:15:00+00:00,7,4,7803cb4286e07798,3,0.3777450919151306,2026-05-03T09:00:00+00:00,2026-05-03T09:15:00+00:00,"[16, 17]"
DOGE_USDT_SWAP,407,2026-05-03T09:00:00+00:00,393,2026-05-03T05:30:00+00:00,15,0.2914685606956482,0.3418784737586975,0.45628786087036133,0.8039883375167847,0.5145292282104492,398,404,401.0,2026-05-03T06:45:00+00:00,2026-05-03T08:15:00+00:00,2026-05-03T07:30:00+00:00,7,3,42ea9f1b49c766b8,4,0.34679552912712097,2026-05-03T09:00:00+00:00,2026-05-03T10:00:00+00:00,"[15, 18]"
HOOD_USDT_SWAP,407,2026-05-03T09:00:00+00:00,391,2026-05-03T05:00:00+00:00,17,0.27754583954811096,0.3559054136276245,0.4705908000469208,0.771929144859314,0.5115233063697815,397,403,400.0,2026-05-03T06:30:00+00:00,2026-05-03T08:00:00+00:00,2026-05-03T07:15:00+00:00,7,4,c24d6628d1cd1364,2,0.27754583954811096,2026-05-03T09:00:00+00:00,2026-05-03T09:15:00+00:00,"[14, 17]"
LTC_USDT_SWAP,407,2026-05-03T09:00:00+00:00,394,2026-05-03T05:45:00+00:00,14,0.29073667526245117,0.3591095805168152,0.4756874740123749,0.7914056181907654,0.5343246459960938,399,404,401.5,2026-05-03T07:00:00+00:00,2026-05-03T08:15:00+00:00,2026-05-03T07:45:00+00:00,6,3,601a8599b5de58dd,2,0.30855613946914673,2026-05-03T09:00:00+00:00,2026-05-03T09:15:00+00:00,[14]
MON_USDT_SWAP,407,2026-05-03T09:00:00+00:00,392,2026-05-03T05:15:00+00:00,16,0.3577424883842468,0.32024896144866943,0.41296491026878357,0.746648907661438,0.5525336265563965,397,403,400.0,2026-05-03T06:30:00+00:00,2026-05-03T08:00:00+00:00,2026-05-03T07:15:00+00:00,7,4,fcaf977915ba1d9c,13,0.6443750262260437,2026-05-03T09:00:00+00:00,2026-05-03T10:00:00+00:00,"[13, 14, 15, 16, 17]"
BREV_USDT_SWAP,408,2026-05-03T09:15:00+00:00,393,2026-05-03T05:30:00+00:00,16,0.27782443165779114,0.3145189881324768,0.3661380112171173,0.7524948120117188,0.625586211681366,398,404,401.0,2026-05-03T06:45:00+00:00,2026-05-03T08:15:00+00:00,2026-05-03T07:30:00+00:00,7,4,a9334d8a669d5c85,1,0.27782443165779114,2026-05-03T09:15:00+00:00,2026-05-03T09:15:00+00:00,[16]
ETC_USDT_SWAP,408,2026-05-03T09:15:00+00:00,395,2026-05-03T06:00:00+00:00,14,0.2656433880329132,0.35233908891677856,0.47289249300956726,0.7904357314109802,0.5416197180747986,400,405,402.5,2026-05-03T07:15:00+00:00,2026-05-03T08:30:00+00:00,2026-05-03T07:45:00+00:00,6,3,8aea268123ce2b39,6,0.4392436742782593,2026-05-03T09:15:00+00:00,2026-05-03T09:45:00+00:00,"[14, 15, 16]"
ETH_USDT_SWAP,408,2026-05-03T09:15:00+00:00,395,2026-05-03T06:00:00+00:00,14,0.29900601506233215,0.3588572144508362,0.44791579246520996,0.7934747934341431,0.5255724787712097,400,405,402.5,2026-05-03T07:15:00+00:00,2026-05-03T08:30:00+00:00,2026-05-03T07:45:00+00:00,6,3,0ded881bb3f84fc2,14,0.5342722535133362,2026-05-03T09:15:00+00:00,2026-05-03T10:00:00+00:00,"[13, 14, 15, 16, 17, 18]"
HBAR_USDT_SWAP,408,2026-05-03T09:15:00+00:00,393,2026-05-03T05:30:00+00:00,16,0.32375770807266235,0.3098509907722473,0.4701250195503235,0.7549822330474854,0.5285927653312683,398,404,401.0,2026-05-03T06:45:00+00:00,2026-05-03T08:15:00+00:00,2026-05-03T07:30:00+00:00,7,4,453133cf71dae4fd,1,0.32375770807266235,2026-05-03T09:15:00+00:00,2026-05-03T09:15:00+00:00,[16]
JUP_USDT_SWAP,408,2026-05-03T09:15:00+00:00,395,2026-05-03T06:00:00+00:00,14,0.46906670928001404,0.33956363797187805,0.4397452771663666,0.7846333980560303,0.5417903065681458,399,405,402.0,2026-05-03T07:00:00+00:00,2026-05-03T08:30:00+00:00,2026-05-03T07:45:00+00:00,7,3,d8131f319b5d27c5,14,0.5671390295028687,2026-05-03T09:15:00+00:00,2026-05-03T10:15:00+00:00,"[14, 15, 16, 17, 18]"
LINK_USDT_SWAP,408,2026-05-03T09:15:00+00:00,394,2026-05-03T05:45:00+00:00,15,0.304534375667572,0.3418918550014496,0.4470510482788086,0.8036338686943054,0.507880449295044,399,405,402.0,2026-05-03T07:00:00+00:00,2026-05-03T08:30:00+00:00,2026-05-03T07:45:00+00:00,7,3,da1d9cc652a74187,1,0.304534375667572,2026-05-03T09:15:00+00:00,2026-05-03T09:15:00+00:00,[15]
ATH_USDT_SWAP,409,2026-05-03T09:30:00+00:00,396,2026-05-03T06:15:00+00:00,14,0.26427045464515686,0.3602854609489441,0.42026567459106445,0.7890268564224243,0.5594515204429626,401,406,403.5,2026-05-03T07:30:00+00:00,2026-05-03T08:45:00+00:00,2026-05-03T08:15:00+00:00,6,3,b5970b733f70cecc,30,0.8354648947715759,2026-05-03T09:30:00+00:00,2026-05-03T11:00:00+00:00,"[12, 13, 14, 15, 16, 17, 18]"
CFX_USDT_SWAP,409,2026-05-03T09:30:00+00:00,396,2026-05-03T06:15:00+00:00,14,0.32736414670944214,0.3569147288799286,0.43170738220214844,0.7906473875045776,0.5152831673622131,401,406,403.5,2026-05-03T07:30:00+00:00,2026-05-03T08:45:00+00:00,2026-05-03T08:15:00+00:00,6,3,7e67f15f1106b248,7,0.5634121298789978,2026-05-03T09:30:00+00:00,2026-05-03T10:00:00+00:00,"[14, 15, 16]"
EGLD_USDT_SWAP,409,2026-05-03T09:30:00+00:00,396,2026-05-03T06:15:00+00:00,14,0.3475572466850281,0.3341168165206909,0.44180241227149963,0.7837682962417603,0.5318138599395752,400,406,403.0,2026-05-03T07:15:00+00:00,2026-05-03T08:45:00+00:00,2026-05-03T08:00:00+00:00,7,3,3ddf0b1dd481e517,7,0.3584248721599579,2026-05-03T09:30:00+00:00,2026-05-03T10:30:00+00:00,"[14, 16]"
PIEVERSE_USDT_SWAP,409,2026-05-03T09:30:00+00:00,394,2026-05-03T05:45:00+00:00,16,0.5805759429931641,0.3106019198894501,0.38550132513046265,0.74912428855896,0.6646459698677063,399,405,402.0,2026-05-03T07:00:00+00:00,2026-05-03T08:30:00+00:00,2026-05-03T07:45:00+00:00,7,4,64cf38c37bfb4a25,18,0.8571181893348694,2026-05-03T09:30:00+00:00,2026-05-03T10:15:00+00:00,"[13, 14, 15, 16, 17, 18, 19]"
ADA_USDT_SWAP,410,2026-05-03T09:45:00+00:00,393,2026-05-03T05:30:00+00:00,18,0.28492316603660583,0.33822962641716003,0.4427838921546936,0.7187206149101257,0.5267572999000549,399,405,402.0,2026-05-03T07:00:00+00:00,2026-05-03T08:30:00+00:00,2026-05-03T07:45:00+00:00,7,5,bd63ea9b2f36081c,1,0.28492316603660583,2026-05-03T09:45:00+00:00,2026-05-03T09:45:00+00:00,[18]
AGLD_USDT_SWAP,410,2026-05-03T09:45:00+00:00,397,2026-05-03T06:30:00+00:00,14,0.25094783306121826,0.36033275723457336,0.43607771396636963,0.7862297296524048,0.5740208625793457,402,407,404.5,2026-05-03T07:45:00+00:00,2026-05-03T09:00:00+00:00,2026-05-03T08:15:00+00:00,6,3,9999da463a48885e,15,0.6564595699310303,2026-05-03T09:45:00+00:00,2026-05-03T11:15:00+00:00,"[14, 15, 16, 17]"
API3_USDT_SWAP,410,2026-05-03T09:45:00+00:00,397,2026-05-03T06:30:00+00:00,14,0.32952412962913513,0.3520593047142029,0.36010193824768066,0.7901763916015625,0.5827059149742126,402,407,404.5,2026-05-03T07:45:00+00:00,2026-05-03T09:00:00+00:00,2026-05-03T08:15:00+00:00,6,3,79ba7e2360fac69c,1,0.32952412962913513,2026-05-03T09:45:00+00:00,2026-05-03T09:45:00+00:00,[14]
ATOM_USDT_SWAP,410,2026-05-03T09:45:00+00:00,396,2026-05-03T06:15:00+00:00,15,0.274711936712265,0.341716468334198,0.45196497440338135,0.8040054440498352,0.5531685948371887,401,407,404.0,2026-05-03T07:30:00+00:00,2026-05-03T09:00:00+00:00,2026-05-03T08:15:00+00:00,7,3,bfc465aafb964268,19,0.5775218605995178,2026-05-03T09:45:00+00:00,2026-05-03T10:45:00+00:00,"[12, 13, 14, 15, 16, 17, 18]"
AVAX_USDT_SWAP,410,2026-05-03T09:45:00+00:00,395,2026-05-03T06:00:00+00:00,16,0.36173149943351746,0.31051528453826904,0.4500924348831177,0.7539154291152954,0.5355080962181091,400,406,403.0,2026-05-03T07:15:00+00:00,2026-05-03T08:45:00+00:00,2026-05-03T08:00:00+00:00,7,4,7c838ed34ef55d05,2,0.36173149943351746,2026-05-03T09:45:00+00:00,2026-05-03T09:45:00+00:00,"[16, 17]"
TIA_USDT_SWAP,410,2026-05-03T09:45:00+00:00,397,2026-05-03T06:30:00+00:00,14,0.27202361822128296,0.354867160320282,0.490989625453949,0.787880539894104,0.6059328317642212,402,407,404.5,2026-05-03T07:45:00+00:00,2026-05-03T09:00:00+00:00,2026-05-03T08:15:00+00:00,6,3,394f3caf32f83f9b,2,0.3056143522262573,2026-05-03T09:45:00+00:00,2026-05-03T10:30:00+00:00,"[14, 16]"
TRB_USDT_SWAP,410,2026-05-03T09:45:00+00:00,397,2026-05-03T06:30:00+00:00,14,0.7066353559494019,0.3515257239341736,0.4102773368358612,0.785287082195282,0.6574923992156982,402,407,404.5,2026-05-03T07:45:00+00:00,2026-05-03T09:00:00+00:00,2026-05-03T08:15:00+00:00,6,3,53e3087b81b5daca,42,0.8587979674339294,2026-05-03T09:45:00+00:00,2026-05-03T11:00:00+00:00,"[13, 14, 15, 16, 17, 18, 19]"
WLD_USDT_SWAP,410,2026-05-03T09:45:00+00:00,397,2026-05-03T06:30:00+00:00,14,0.35294702649116516,0.3517305254936218,0.4704720079898834,0.7832401990890503,0.5756536722183228,402,407,404.5,2026-05-03T07:45:00+00:00,2026-05-03T09:00:00+00:00,2026-05-03T08:15:00+00:00,6,3,828e0cbe3463e7fe,1,0.35294702649116516,2026-05-03T09:45:00+00:00,2026-05-03T09:45:00+00:00,[14]
XPT_USDT_SWAP,410,2026-05-03T09:45:00+00:00,394,2026-05-03T05:45:00+00:00,17,0.27454203367233276,0.3560343086719513,0.47422435879707336,0.7677279114723206,0.5134510397911072,400,406,403.0,2026-05-03T07:15:00+00:00,2026-05-03T08:45:00+00:00,2026-05-03T08:00:00+00:00,7,4,e5fadb82bfb240e2,1,0.27454203367233276,2026-05-03T09:45:00+00:00,2026-05-03T09:45:00+00:00,[17]
AAVE_USDT_SWAP,411,2026-05-03T10:00:00+00:00,396,2026-05-03T06:15:00+00:00,16,0.2831929922103882,0.3130263090133667,0.4555507302284241,0.7495225667953491,0.5488721132278442,401,407,404.0,2026-05-03T07:30:00+00:00,2026-05-03T09:00:00+00:00,2026-05-03T08:15:00+00:00,7,4,43259691bee800eb,6,0.37136223912239075,2026-05-03T10:00:00+00:00,2026-05-03T11:15:00+00:00,"[15, 16, 17, 18]"
ICX_USDT_SWAP,411,2026-05-03T10:00:00+00:00,398,2026-05-03T06:45:00+00:00,14,0.26312604546546936,0.35343366861343384,0.38968566060066223,0.7930623888969421,0.5824527144432068,403,408,405.5,2026-05-03T08:00:00+00:00,2026-05-03T09:15:00+00:00,2026-05-03T08:45:00+00:00,6,3,957c2bf3fc42dc54,5,0.45901191234588623,2026-05-03T10:00:00+00:00,2026-05-03T10:30:00+00:00,"[14, 15, 16, 17]"
MON_USDT_SWAP,411,2026-05-03T10:00:00+00:00,398,2026-05-03T06:45:00+00:00,14,0.3678959012031555,0.35868579149246216,0.3936620056629181,0.7884808778762817,0.6296606063842773,403,408,405.5,2026-05-03T08:00:00+00:00,2026-05-03T09:15:00+00:00,2026-05-03T08:45:00+00:00,6,3,edfb91eab241d8b7,32,0.764397382736206,2026-05-03T10:00:00+00:00,2026-05-03T11:15:00+00:00,"[13, 14, 15, 16, 17, 18, 19]"
SOL_USDT_SWAP,411,2026-05-03T10:00:00+00:00,397,2026-05-03T06:30:00+00:00,15,0.2879815995693207,0.3418716490268707,0.46653956174850464,0.8021544218063354,0.5165339708328247,402,408,405.0,2026-05-03T07:45:00+00:00,2026-05-03T09:15:00+00:00,2026-05-03T08:30:00+00:00,7,3,aa5c03541cfe069f,2,0.3010879456996918,2026-05-03T10:00:00+00:00,2026-05-03T10:15:00+00:00,"[15, 17]"
DOGE_USDT_SWAP,412,2026-05-03T10:15:00+00:00,399,2026-05-03T07:00:00+00:00,14,0.2779170572757721,0.352519154548645,0.47547098994255066,0.7901010513305664,0.5330296158790588,404,409,406.5,2026-05-03T08:15:00+00:00,2026-05-03T09:30:00+00:00,2026-05-03T08:45:00+00:00,6,3,bb007a376aac4020,25,0.622666597366333,2026-05-03T10:15:00+00:00,2026-05-03T11:45:00+00:00,"[12, 13, 14, 15, 16, 17, 18, 19]"
NEO_USDT_SWAP,412,2026-05-03T10:15:00+00:00,399,2026-05-03T07:00:00+00:00,14,0.30323970317840576,0.35478001832962036,0.4757438600063324,0.7927052974700928,0.5562650561332703,404,409,406.5,2026-05-03T08:15:00+00:00,2026-05-03T09:30:00+00:00,2026-05-03T08:45:00+00:00,6,3,ce01c35e7aa9a78c,2,0.30323970317840576,2026-05-03T10:15:00+00:00,2026-05-03T10:30:00+00:00,"[14, 18]"
PIEVERSE_USDT_SWAP,412,2026-05-03T10:15:00+00:00,401,2026-05-03T07:30:00+00:00,12,0.629668653011322,0.42653554677963257,0.5150036811828613,0.7494412660598755,0.7590799331665039,406,409,407.5,2026-05-03T08:45:00+00:00,2026-05-03T09:30:00+00:00,2026-05-03T09:15:00+00:00,4,3,a8e342dd2900c455,56,0.9130451679229736,2026-05-03T10:15:00+00:00,2026-05-03T12:00:00+00:00,"[12, 13, 14, 15, 16, 17, 18, 19]"
TRUTH_USDT_SWAP,412,2026-05-03T10:15:00+00:00,395,2026-05-03T06:00:00+00:00,18,0.34378328919410706,0.39278876781463623,0.34569281339645386,0.7793222665786743,0.789021372795105,402,408,405.0,2026-05-03T07:45:00+00:00,2026-05-03T09:15:00+00:00,2026-05-03T08:30:00+00:00,7,4,34f6d36181ee8c36,4,0.4346114993095398,2026-05-03T10:15:00+00:00,2026-05-03T10:30:00+00:00,"[16, 17, 18, 19]"
A_USDT_SWAP,413,2026-05-03T10:30:00+00:00,398,2026-05-03T06:45:00+00:00,16,0.3133586049079895,0.3136357069015503,0.33640962839126587,0.7457195520401001,0.6506605744361877,403,409,406.0,2026-05-03T08:00:00+00:00,2026-05-03T09:30:00+00:00,2026-05-03T08:45:00+00:00,7,4,c277bedec9e9fde5,11,0.5743451118469238,2026-05-03T10:30:00+00:00,2026-05-03T11:30:00+00:00,"[14, 15, 16, 17, 18, 19]"
IOTA_USDT_SWAP,413,2026-05-03T10:30:00+00:00,399,2026-05-03T07:00:00+00:00,15,0.3452613651752472,0.3419308662414551,0.4430810213088989,0.802147388458252,0.5477655529975891,404,410,407.0,2026-05-03T08:15:00+00:00,2026-05-03T09:45:00+00:00,2026-05-03T09:00:00+00:00,7,3,49d072d49e9dfb60,18,0.782211422920227,2026-05-03T10:30:00+00:00,2026-05-03T11:30:00+00:00,"[12, 13, 14, 15, 16, 17, 18, 19]"
PLUME_USDT_SWAP,413,2026-05-03T10:30:00+00:00,400,2026-05-03T07:15:00+00:00,14,0.4037754237651825,0.34576040506362915,0.45699307322502136,0.7875736951828003,0.5790063738822937,404,410,407.0,2026-05-03T08:15:00+00:00,2026-05-03T09:45:00+00:00,2026-05-03T09:00:00+00:00,7,3,00d5fd0d035e2cf6,15,0.571690022945404,2026-05-03T10:30:00+00:00,2026-05-03T11:30:00+00:00,"[13, 14, 15, 16, 17]"
ZEN_USDT_SWAP,413,2026-05-03T10:30:00+00:00,398,2026-05-03T06:45:00+00:00,16,0.28208503127098083,0.3143988251686096,0.5353626608848572,0.7484191656112671,0.6389219164848328,403,409,406.0,2026-05-03T08:00:00+00:00,2026-05-03T09:30:00+00:00,2026-05-03T08:45:00+00:00,7,4,797f5426b8d916a0,6,0.5810215473175049,2026-05-03T10:30:00+00:00,2026-05-03T11:15:00+00:00,"[14, 16, 17, 18, 19]"
HUMA_USDT_SWAP,414,2026-05-03T10:45:00+00:00,401,2026-05-03T07:30:00+00:00,14,0.3708159327507019,0.3311419188976288,0.5241860151290894,0.7855876684188843,0.7623819708824158,405,411,408.0,2026-05-03T08:30:00+00:00,2026-05-03T10:00:00+00:00,2026-05-03T09:15:00+00:00,7,3,1f09e3e163c56291,16,0.8076363801956177,2026-05-03T10:45:00+00:00,2026-05-03T11:45:00+00:00,"[13, 14, 15, 16, 17]"
H_USDT_SWAP,414,2026-05-03T10:45:00+00:00,400,2026-05-03T07:15:00+00:00,15,0.358795166015625,0.36113473773002625,0.38739562034606934,0.807663083076477,0.6750842332839966,405,411,408.0,2026-05-03T08:30:00+00:00,2026-05-03T10:00:00+00:00,2026-05-03T09:15:00+00:00,7,3,446a431ddc4ba4b0,4,0.8151521682739258,2026-05-03T10:45:00+00:00,2026-05-03T12:00:00+00:00,"[14, 15]"
JUP_USDT_SWAP,414,2026-05-03T10:45:00+00:00,403,2026-05-03T08:00:00+00:00,12,0.3066686689853668,0.4169517457485199,0.45494771003723145,0.8126708269119263,0.5461143851280212,408,412,410.0,2026-05-03T09:15:00+00:00,2026-05-03T10:15:00+00:00,2026-05-03T09:45:00+00:00,5,2,9542c618247f2bf6,46,0.9723178148269653,2026-05-03T10:45:00+00:00,2026-05-03T12:00:00+00:00,"[12, 13, 14, 15, 16, 17, 18, 19]"
SOON_USDT_SWAP,414,2026-05-03T10:45:00+00:00,401,2026-05-03T07:30:00+00:00,14,0.748738706111908,0.3521905541419983,0.3724270164966583,0.785196840763092,0.693795919418335,406,411,408.5,2026-05-03T08:45:00+00:00,2026-05-03T10:00:00+00:00,2026-05-03T09:15:00+00:00,6,3,8484ad6a1c76619e,30,0.9197466373443604,2026-05-03T10:45:00+00:00,2026-05-03T12:00:00+00:00,"[13, 14, 15, 16, 17, 18, 19]"
S_USDT_SWAP,414,2026-05-03T10:45:00+00:00,402,2026-05-03T07:45:00+00:00,13,0.3585074245929718,0.407386839389801,0.3311329782009125,0.7697980999946594,0.693099856376648,407,411,409.0,2026-05-03T09:00:00+00:00,2026-05-03T10:00:00+00:00,2026-05-03T09:30:00+00:00,5,3,ff152518b611ac8a,9,0.5953853726387024,2026-05-03T10:45:00+00:00,2026-05-03T11:45:00+00:00,"[13, 16, 17, 18, 19]"
TRUST_USDT_SWAP,414,2026-05-03T10:45:00+00:00,398,2026-05-03T06:45:00+00:00,17,0.37984251976013184,0.3579206168651581,0.34799107909202576,0.7663131952285767,0.5627374649047852,404,410,407.0,2026-05-03T08:15:00+00:00,2026-05-03T09:45:00+00:00,2026-05-03T09:00:00+00:00,7,4,da1eb0be8d041e8f,1,0.37984251976013184,2026-05-03T10:45:00+00:00,2026-05-03T10:45:00+00:00,[17]
ATH_USDT_SWAP,415,2026-05-03T11:00:00+00:00,401,2026-05-03T07:30:00+00:00,15,0.33118531107902527,0.34175604581832886,0.48039931058883667,0.8058816194534302,0.5938512086868286,406,412,409.0,2026-05-03T08:45:00+00:00,2026-05-03T10:15:00+00:00,2026-05-03T09:30:00+00:00,7,3,9ad2d9dce702be06,7,0.40146735310554504,2026-05-03T11:00:00+00:00,2026-05-03T12:00:00+00:00,"[14, 15, 16, 17, 19]"
ATOM_USDT_SWAP,415,2026-05-03T11:00:00+00:00,402,2026-05-03T07:45:00+00:00,14,0.343685507774353,0.3543359637260437,0.485423743724823,0.7925294637680054,0.5394412279129028,407,412,409.5,2026-05-03T09:00:00+00:00,2026-05-03T10:15:00+00:00,2026-05-03T09:45:00+00:00,6,3,2f73fa5ec88529ea,6,0.343685507774353,2026-05-03T11:00:00+00:00,2026-05-03T11:15:00+00:00,"[14, 15, 16, 17, 18]"
EDEN_USDT_SWAP,415,2026-05-03T11:00:00+00:00,402,2026-05-03T07:45:00+00:00,14,0.43713515996932983,0.3562926948070526,0.3004276752471924,0.7875025272369385,0.6279231309890747,407,412,409.5,2026-05-03T09:00:00+00:00,2026-05-03T10:15:00+00:00,2026-05-03T09:45:00+00:00,6,3,d99d6ab15d85dfd2,11,0.4653970003128052,2026-05-03T11:00:00+00:00,2026-05-03T12:00:00+00:00,"[14, 15, 16, 17]"
EGLD_USDT_SWAP,415,2026-05-03T11:00:00+00:00,402,2026-05-03T07:45:00+00:00,14,0.3292156159877777,0.35553792119026184,0.46790921688079834,0.7933260202407837,0.5470193028450012,407,412,409.5,2026-05-03T09:00:00+00:00,2026-05-03T10:15:00+00:00,2026-05-03T09:45:00+00:00,6,3,65b20424aebf8218,3,0.3292156159877777,2026-05-03T11:00:00+00:00,2026-05-03T11:15:00+00:00,"[14, 16]"
HBAR_USDT_SWAP,415,2026-05-03T11:00:00+00:00,402,2026-05-03T07:45:00+00:00,14,0.45761537551879883,0.35368821024894714,0.4507995843887329,0.7948749661445618,0.5063897967338562,407,412,409.5,2026-05-03T09:00:00+00:00,2026-05-03T10:15:00+00:00,2026-05-03T09:45:00+00:00,6,3,8774ce8cd351fd2d,20,0.4996539354324341,2026-05-03T11:00:00+00:00,2026-05-03T12:00:00+00:00,"[12, 13, 14, 15, 16, 17, 18]"
LPT_USDT_SWAP,415,2026-05-03T11:00:00+00:00,400,2026-05-03T07:15:00+00:00,16,0.29868969321250916,0.3131704330444336,0.4587273895740509,0.752414345741272,0.5647562742233276,405,411,408.0,2026-05-03T08:30:00+00:00,2026-05-03T10:00:00+00:00,2026-05-03T09:15:00+00:00,7,4,307257996ce8a9e9,4,0.3012908399105072,2026-05-03T11:00:00+00:00,2026-05-03T11:15:00+00:00,"[14, 16]"
ONDO_USDT_SWAP,415,2026-05-03T11:00:00+00:00,400,2026-05-03T07:15:00+00:00,16,0.2745416462421417,0.31192559003829956,0.35006457567214966,0.750439465045929,0.5249191522598267,405,411,408.0,2026-05-03T08:30:00+00:00,2026-05-03T10:00:00+00:00,2026-05-03T09:15:00+00:00,7,4,b6a788f1ce3c0f13,18,0.6998358964920044,2026-05-03T11:00:00+00:00,2026-05-03T12:00:00+00:00,"[13, 14, 15, 16, 17]"
STABLE_USDT_SWAP,415,2026-05-03T11:00:00+00:00,400,2026-05-03T07:15:00+00:00,16,0.4002157151699066,0.31106045842170715,0.4132305085659027,0.7502680420875549,0.5525165796279907,405,411,408.0,2026-05-03T08:30:00+00:00,2026-05-03T10:00:00+00:00,2026-05-03T09:15:00+00:00,7,4,db5bb9d253338f58,1,0.4002157151699066,2026-05-03T11:00:00+00:00,2026-05-03T11:00:00+00:00,[16]
STRK_USDT_SWAP,415,2026-05-03T11:00:00+00:00,400,2026-05-03T07:15:00+00:00,16,0.5453662276268005,0.3148150146007538,0.4163491427898407,0.7476028800010681,0.5442281365394592,405,411,408.0,2026-05-03T08:30:00+00:00,2026-05-03T10:00:00+00:00,2026-05-03T09:15:00+00:00,7,4,ed1cc7a1644d424a,19,0.6164703369140625,2026-05-03T11:00:00+00:00,2026-05-03T12:00:00+00:00,"[14, 15, 16, 17, 18, 19]"
TRB_USDT_SWAP,415,2026-05-03T11:00:00+00:00,403,2026-05-03T08:00:00+00:00,13,0.4922829568386078,0.3911153972148895,0.5291439890861511,0.7734030485153198,0.6800419688224792,408,412,410.0,2026-05-03T09:15:00+00:00,2026-05-03T10:15:00+00:00,2026-05-03T09:45:00+00:00,5,3,d31f4f829def8225,31,0.8690217733383179,2026-05-03T11:00:00+00:00,2026-05-03T12:00:00+00:00,"[13, 14, 15, 16, 17, 18, 19]"
ZKP_USDT_SWAP,415,2026-05-03T11:00:00+00:00,402,2026-05-03T07:45:00+00:00,14,0.26555073261260986,0.3600541055202484,0.41453421115875244,0.7903321981430054,0.554947555065155,407,412,409.5,2026-05-03T09:00:00+00:00,2026-05-03T10:15:00+00:00,2026-05-03T09:45:00+00:00,6,3,11c25d9a3796521a,11,0.559295654296875,2026-05-03T11:00:00+00:00,2026-05-03T12:00:00+00:00,"[14, 15, 16, 17]"
AEVO_USDT_SWAP,416,2026-05-03T11:15:00+00:00,403,2026-05-03T08:00:00+00:00,14,0.3959847688674927,0.3593161702156067,0.4165545701980591,0.7930965423583984,0.5424124598503113,408,413,410.5,2026-05-03T09:15:00+00:00,2026-05-03T10:30:00+00:00,2026-05-03T09:45:00+00:00,6,3,c1fa8e73bebc3973,16,0.8344646692276001,2026-05-03T11:15:00+00:00,2026-05-03T12:00:00+00:00,"[13, 14, 15, 16, 17, 18, 19]"
ANIME_USDT_SWAP,416,2026-05-03T11:15:00+00:00,403,2026-05-03T08:00:00+00:00,14,0.3345959484577179,0.3573770523071289,0.47021275758743286,0.7954210042953491,0.530094563961029,408,413,410.5,2026-05-03T09:15:00+00:00,2026-05-03T10:30:00+00:00,2026-05-03T09:45:00+00:00,6,3,b7b8c4755c65a67e,13,0.49037089943885803,2026-05-03T11:15:00+00:00,2026-05-03T12:00:00+00:00,"[13, 14, 15, 16, 17, 18]"
ETHFI_USDT_SWAP,416,2026-05-03T11:15:00+00:00,403,2026-05-03T08:00:00+00:00,14,0.5246082544326782,0.3613753914833069,0.449738085269928,0.7938924431800842,0.5271056294441223,408,413,410.5,2026-05-03T09:15:00+00:00,2026-05-03T10:30:00+00:00,2026-05-03T09:45:00+00:00,6,3,c4a880b838893e4a,9,0.5246082544326782,2026-05-03T11:15:00+00:00,2026-05-03T11:45:00+00:00,"[13, 14, 15, 16, 17]"
ETH_USDT_SWAP,416,2026-05-03T11:15:00+00:00,403,2026-05-03T08:00:00+00:00,14,0.3381577134132385,0.35206469893455505,0.4412507712841034,0.7939882278442383,0.5605204105377197,408,413,410.5,2026-05-03T09:15:00+00:00,2026-05-03T10:30:00+00:00,2026-05-03T09:45:00+00:00,6,3,41247235b5bb605a,15,0.6792759299278259,2026-05-03T11:15:00+00:00,2026-05-03T12:00:00+00:00,"[13, 14, 15, 16, 17, 18, 19]"
ICP_USDT_SWAP,416,2026-05-03T11:15:00+00:00,402,2026-05-03T07:45:00+00:00,15,0.35450759530067444,0.34234869480133057,0.46959179639816284,0.8009620904922485,0.5402124524116516,407,413,410.0,2026-05-03T09:00:00+00:00,2026-05-03T10:30:00+00:00,2026-05-03T09:45:00+00:00,7,3,03ac8657cafb6b5f,2,0.35450759530067444,2026-05-03T11:15:00+00:00,2026-05-03T12:00:00+00:00,"[15, 19]"
KSM_USDT_SWAP,416,2026-05-03T11:15:00+00:00,402,2026-05-03T07:45:00+00:00,15,0.31005412340164185,0.34183984994888306,0.43109890818595886,0.804000198841095,0.5184245109558105,407,413,410.0,2026-05-03T09:00:00+00:00,2026-05-03T10:30:00+00:00,2026-05-03T09:45:00+00:00,7,3,8871fe575f2cd3b5,18,0.7263561487197876,2026-05-03T11:15:00+00:00,2026-05-03T11:45:00+00:00,"[13, 14, 15, 16, 17, 18, 19]"
MON_USDT_SWAP,416,2026-05-03T11:15:00+00:00,404,2026-05-03T08:15:00+00:00,13,0.3066871166229248,0.38950011134147644,0.4031176269054413,0.7731866836547852,0.6827749013900757,409,413,411.0,2026-05-03T09:30:00+00:00,2026-05-03T10:30:00+00:00,2026-05-03T10:00:00+00:00,5,3,8b4cbbc37544676a,7,0.5754179358482361,2026-05-03T11:15:00+00:00,2026-05-03T11:30:00+00:00,"[13, 14, 16, 17, 18, 19]"
QTUM_USDT_SWAP,416,2026-05-03T11:15:00+00:00,404,2026-05-03T08:15:00+00:00,13,0.3514155149459839,0.39087626338005066,0.459481418132782,0.7726075649261475,0.5146288275718689,409,413,411.0,2026-05-03T09:30:00+00:00,2026-05-03T10:30:00+00:00,2026-05-03T10:00:00+00:00,5,3,8e7ea793815f7e78,11,0.5880441665649414,2026-05-03T11:15:00+00:00,2026-05-03T12:00:00+00:00,"[13, 14, 15, 16, 17, 18]"
XLM_USDT_SWAP,416,2026-05-03T11:15:00+00:00,402,2026-05-03T07:45:00+00:00,15,0.42624443769454956,0.3417424261569977,0.45964789390563965,0.803442656993866,0.5308459401130676,407,413,410.0,2026-05-03T09:00:00+00:00,2026-05-03T10:30:00+00:00,2026-05-03T09:45:00+00:00,7,3,0c80b80d5652bc9c,6,0.5058341026306152,2026-05-03T11:15:00+00:00,2026-05-03T11:45:00+00:00,"[14, 15, 16]"
XRP_USDT_SWAP,416,2026-05-03T11:15:00+00:00,402,2026-05-03T07:45:00+00:00,15,0.32588130235671997,0.34187278151512146,0.46068382263183594,0.8012431263923645,0.5120169520378113,407,413,410.0,2026-05-03T09:00:00+00:00,2026-05-03T10:30:00+00:00,2026-05-03T09:45:00+00:00,7,3,961d67d871e2463c,13,0.3910316526889801,2026-05-03T11:15:00+00:00,2026-05-03T12:00:00+00:00,"[13, 14, 15, 16, 17, 18]"
XTZ_USDT_SWAP,416,2026-05-03T11:15:00+00:00,403,2026-05-03T08:00:00+00:00,14,0.26725247502326965,0.35740193724632263,0.47140100598335266,0.792654812335968,0.5620559453964233,408,413,410.5,2026-05-03T09:15:00+00:00,2026-05-03T10:30:00+00:00,2026-05-03T09:45:00+00:00,6,3,465185497e516912,5,0.36550799012184143,2026-05-03T11:15:00+00:00,2026-05-03T11:45:00+00:00,"[14, 16, 17]"
AAVE_USDT_SWAP,417,2026-05-03T11:30:00+00:00,401,2026-05-03T07:30:00+00:00,17,0.3214246332645416,0.3533772826194763,0.5159722566604614,0.7685209512710571,0.5781844258308411,407,413,410.0,2026-05-03T09:00:00+00:00,2026-05-03T10:30:00+00:00,2026-05-03T09:45:00+00:00,7,4,5ac1c9c4e02fdea1,9,0.3269161581993103,2026-05-03T11:30:00+00:00,2026-05-03T12:00:00+00:00,"[13, 14, 15, 16, 17, 18]"
ADA_USDT_SWAP,417,2026-05-03T11:30:00+00:00,403,2026-05-03T08:00:00+00:00,15,0.5733638405799866,0.34175559878349304,0.47131311893463135,0.8015786409378052,0.5545735955238342,408,414,411.0,2026-05-03T09:15:00+00:00,2026-05-03T10:45:00+00:00,2026-05-03T10:00:00+00:00,7,3,5f90e20aa1c69169,13,0.6208257079124451,2026-05-03T11:30:00+00:00,2026-05-03T12:00:00+00:00,"[13, 14, 15, 16, 17, 18]"
AGLD_USDT_SWAP,417,2026-05-03T11:30:00+00:00,402,2026-05-03T07:45:00+00:00,16,0.37670788168907166,0.31649845838546753,0.4937814474105835,0.7466824054718018,0.5825657248497009,407,413,410.0,2026-05-03T09:00:00+00:00,2026-05-03T10:30:00+00:00,2026-05-03T09:45:00+00:00,7,4,456b8e9e9addb689,8,0.47937822341918945,2026-05-03T11:30:00+00:00,2026-05-03T11:45:00+00:00,"[14, 16, 17, 18]"
ETC_USDT_SWAP,417,2026-05-03T11:30:00+00:00,404,2026-05-03T08:15:00+00:00,14,0.2558143138885498,0.35147082805633545,0.4852770268917084,0.7929734587669373,0.5584573745727539,409,414,411.5,2026-05-03T09:30:00+00:00,2026-05-03T10:45:00+00:00,2026-05-03T10:15:00+00:00,6,3,e66b605b8041b4dd,1,0.2558143138885498,2026-05-03T11:30:00+00:00,2026-05-03T11:30:00+00:00,[14]
ICX_USDT_SWAP,417,2026-05-03T11:30:00+00:00,403,2026-05-03T08:00:00+00:00,15,0.6170440912246704,0.34172412753105164,0.4555622637271881,0.8056849241256714,0.6044673919677734,408,414,411.0,2026-05-03T09:15:00+00:00,2026-05-03T10:45:00+00:00,2026-05-03T10:00:00+00:00,7,3,f05196288d3b011b,18,0.7291293740272522,2026-05-03T11:30:00+00:00,2026-05-03T12:00:00+00:00,"[13, 14, 15, 16, 17, 18, 19]"
IOTA_USDT_SWAP,417,2026-05-03T11:30:00+00:00,406,2026-05-03T08:45:00+00:00,12,0.48125728964805603,0.42864304780960083,0.4235987961292267,0.7497996091842651,0.5018443465232849,411,414,412.5,2026-05-03T10:00:00+00:00,2026-05-03T10:45:00+00:00,2026-05-03T10:15:00+00:00,4,3,c6aa5a0895e1f7f6,26,0.8889343738555908,2026-05-03T11:30:00+00:00,2026-05-03T12:00:00+00:00,"[12, 13, 14, 15, 16, 17, 18, 19]"
LIGHT_USDT_SWAP,417,2026-05-03T11:30:00+00:00,404,2026-05-03T08:15:00+00:00,14,0.41694939136505127,0.34708765149116516,0.44699472188949585,0.7888025641441345,0.6566134691238403,408,414,411.0,2026-05-03T09:15:00+00:00,2026-05-03T10:45:00+00:00,2026-05-03T10:00:00+00:00,7,3,531d89094d23a688,10,0.5300952792167664,2026-05-03T11:30:00+00:00,2026-05-03T12:00:00+00:00,"[14, 15, 16, 17, 18, 19]"
MAGIC_USDT_SWAP,417,2026-05-03T11:30:00+00:00,404,2026-05-03T08:15:00+00:00,14,0.3903084695339203,0.35351818799972534,0.4267190992832184,0.7886272668838501,0.5408288836479187,409,414,411.5,2026-05-03T09:30:00+00:00,2026-05-03T10:45:00+00:00,2026-05-03T10:15:00+00:00,6,3,b269622efa4c77d7,7,0.46192947030067444,2026-05-03T11:30:00+00:00,2026-05-03T12:00:00+00:00,"[13, 14, 15, 16]"
SOL_USDT_SWAP,417,2026-05-03T11:30:00+00:00,403,2026-05-03T08:00:00+00:00,15,0.25148993730545044,0.34173375368118286,0.4682334363460541,0.8020062446594238,0.5317891836166382,408,414,411.0,2026-05-03T09:15:00+00:00,2026-05-03T10:45:00+00:00,2026-05-03T10:00:00+00:00,7,3,575c44294c9fec0c,4,0.39594075083732605,2026-05-03T11:30:00+00:00,2026-05-03T12:00:00+00:00,"[14, 15, 18]"
USELESS_USDT_SWAP,417,2026-05-03T11:30:00+00:00,404,2026-05-03T08:15:00+00:00,14,0.2514163553714752,0.3524341881275177,0.38796576857566833,0.7937379479408264,0.714812159538269,409,414,411.5,2026-05-03T09:30:00+00:00,2026-05-03T10:45:00+00:00,2026-05-03T10:15:00+00:00,6,3,5808b1beb83dc115,1,0.2514163553714752,2026-05-03T11:30:00+00:00,2026-05-03T11:30:00+00:00,[14]
W_USDT_SWAP,417,2026-05-03T11:30:00+00:00,402,2026-05-03T07:45:00+00:00,16,0.3668215274810791,0.312139630317688,0.4441959857940674,0.7508667707443237,0.5548561811447144,407,413,410.0,2026-05-03T09:00:00+00:00,2026-05-03T10:30:00+00:00,2026-05-03T09:45:00+00:00,7,4,4c54aba9df7779bb,2,0.3668215274810791,2026-05-03T11:30:00+00:00,2026-05-03T11:45:00+00:00,[16]
1INCH_USDT_SWAP,418,2026-05-03T11:45:00+00:00,405,2026-05-03T08:30:00+00:00,14,0.2701362669467926,0.33176514506340027,0.4733394682407379,0.7899608612060547,0.5587190985679626,409,415,412.0,2026-05-03T09:30:00+00:00,2026-05-03T11:00:00+00:00,2026-05-03T10:15:00+00:00,7,3,3e92cc9d5d5a940f,2,0.31544291973114014,2026-05-03T11:45:00+00:00,2026-05-03T12:00:00+00:00,"[14, 16]"
BAND_USDT_SWAP,418,2026-05-03T11:45:00+00:00,404,2026-05-03T08:15:00+00:00,15,0.34227830171585083,0.34186121821403503,0.44464731216430664,0.8030651807785034,0.5555597543716431,409,415,412.0,2026-05-03T09:30:00+00:00,2026-05-03T11:00:00+00:00,2026-05-03T10:15:00+00:00,7,3,20bafed9c1fbbc29,6,0.424506813287735,2026-05-03T11:45:00+00:00,2026-05-03T12:00:00+00:00,"[14, 15, 16, 17, 18]"
BNB_USDT_SWAP,418,2026-05-03T11:45:00+00:00,405,2026-05-03T08:30:00+00:00,14,0.31713056564331055,0.35522013902664185,0.47580164670944214,0.7959719300270081,0.5493112802505493,410,415,412.5,2026-05-03T09:45:00+00:00,2026-05-03T11:00:00+00:00,2026-05-03T10:15:00+00:00,6,3,6f6475a136272153,6,0.41976049542427063,2026-05-03T11:45:00+00:00,2026-05-03T12:00:00+00:00,"[12, 13, 14, 15]"
BONK_USDT_SWAP,418,2026-05-03T11:45:00+00:00,403,2026-05-03T08:00:00+00:00,16,0.3427591919898987,0.312712162733078,0.4890284836292267,0.7500957250595093,0.5711360573768616,408,414,411.0,2026-05-03T09:15:00+00:00,2026-05-03T10:45:00+00:00,2026-05-03T10:00:00+00:00,7,4,40f8c7c3971ed997,1,0.3427591919898987,2026-05-03T11:45:00+00:00,2026-05-03T11:45:00+00:00,[16]
HUMA_USDT_SWAP,418,2026-05-03T11:45:00+00:00,407,2026-05-03T09:00:00+00:00,12,0.39813345670700073,0.42950478196144104,0.4578450620174408,0.7479844689369202,0.7166845798492432,412,415,413.5,2026-05-03T10:15:00+00:00,2026-05-03T11:00:00+00:00,2026-05-03T10:45:00+00:00,4,3,1a798439592e0f09,11,0.8761836886405945,2026-05-03T11:45:00+00:00,2026-05-03T12:00:00+00:00,"[12, 13, 14, 15, 16, 17, 18, 19]"
KAITO_USDT_SWAP,418,2026-05-03T11:45:00+00:00,404,2026-05-03T08:15:00+00:00,15,0.33265477418899536,0.34195461869239807,0.4078330397605896,0.8074674606323242,0.5932590961456299,409,415,412.0,2026-05-03T09:30:00+00:00,2026-05-03T11:00:00+00:00,2026-05-03T10:15:00+00:00,7,3,2cf2839e76e5bdaa,1,0.33265477418899536,2026-05-03T11:45:00+00:00,2026-05-03T11:45:00+00:00,[15]
LTC_USDT_SWAP,418,2026-05-03T11:45:00+00:00,403,2026-05-03T08:00:00+00:00,16,0.2628324031829834,0.3084734082221985,0.4857833683490753,0.7576598525047302,0.5594165325164795,408,414,411.0,2026-05-03T09:15:00+00:00,2026-05-03T10:45:00+00:00,2026-05-03T10:00:00+00:00,7,4,8ac213b8407cf9f8,1,0.2628324031829834,2026-05-03T11:45:00+00:00,2026-05-03T11:45:00+00:00,[16]
MOVE_USDT_SWAP,418,2026-05-03T11:45:00+00:00,403,2026-05-03T08:00:00+00:00,16,0.36582842469215393,0.31223005056381226,0.4639056324958801,0.7513439059257507,0.5605103969573975,408,414,411.0,2026-05-03T09:15:00+00:00,2026-05-03T10:45:00+00:00,2026-05-03T10:00:00+00:00,7,4,7f7e516b33fe7288,3,0.36582842469215393,2026-05-03T11:45:00+00:00,2026-05-03T12:00:00+00:00,"[14, 16]"
NIGHT_USDT_SWAP,418,2026-05-03T11:45:00+00:00,405,2026-05-03T08:30:00+00:00,14,0.2563440203666687,0.35759302973747253,0.4201689064502716,0.7912026643753052,0.5430260300636292,410,415,412.5,2026-05-03T09:45:00+00:00,2026-05-03T11:00:00+00:00,2026-05-03T10:15:00+00:00,6,3,1d586fb84a5cf43e,1,0.2563440203666687,2026-05-03T11:45:00+00:00,2026-05-03T11:45:00+00:00,[14]
NMR_USDT_SWAP,418,2026-05-03T11:45:00+00:00,403,2026-05-03T08:00:00+00:00,16,0.26530957221984863,0.3101638853549957,0.4469727873802185,0.7530145645141602,0.533519446849823,408,414,411.0,2026-05-03T09:15:00+00:00,2026-05-03T10:45:00+00:00,2026-05-03T10:00:00+00:00,7,4,a8219a90b1b87485,2,0.26530957221984863,2026-05-03T11:45:00+00:00,2026-05-03T11:45:00+00:00,"[14, 16]"
PEPE_USDT_SWAP,418,2026-05-03T11:45:00+00:00,403,2026-05-03T08:00:00+00:00,16,0.45420899987220764,0.31159502267837524,0.43359848856925964,0.749637246131897,0.5428666472434998,408,414,411.0,2026-05-03T09:15:00+00:00,2026-05-03T10:45:00+00:00,2026-05-03T10:00:00+00:00,7,4,6f1527df754ec9f2,4,0.45420899987220764,2026-05-03T11:45:00+00:00,2026-05-03T11:45:00+00:00,"[14, 15, 16, 17]"
RESOLV_USDT_SWAP,418,2026-05-03T11:45:00+00:00,406,2026-05-03T08:45:00+00:00,13,0.6563138365745544,0.39452245831489563,0.3963654041290283,0.7695372104644775,0.5652388334274292,411,415,413.0,2026-05-03T10:00:00+00:00,2026-05-03T11:00:00+00:00,2026-05-03T10:30:00+00:00,5,3,21659924fb7eeb1d,10,0.9193921089172363,2026-05-03T11:45:00+00:00,2026-05-03T12:00:00+00:00,"[12, 13, 14, 15, 16, 17]"
SHIB_USDT_SWAP,418,2026-05-03T11:45:00+00:00,403,2026-05-03T08:00:00+00:00,16,0.2706413269042969,0.31079286336898804,0.4497765898704529,0.7554733157157898,0.550592839717865,408,414,411.0,2026-05-03T09:15:00+00:00,2026-05-03T10:45:00+00:00,2026-05-03T10:00:00+00:00,7,4,8ea68c45bb43f327,1,0.2706413269042969,2026-05-03T11:45:00+00:00,2026-05-03T11:45:00+00:00,[16]
STX_USDT_SWAP,418,2026-05-03T11:45:00+00:00,404,2026-05-03T08:15:00+00:00,15,0.3203008770942688,0.3417987525463104,0.46247634291648865,0.8075054287910461,0.5740401148796082,409,415,412.0,2026-05-03T09:30:00+00:00,2026-05-03T11:00:00+00:00,2026-05-03T10:15:00+00:00,7,3,0f3df972d8de73f4,1,0.3203008770942688,2026-05-03T11:45:00+00:00,2026-05-03T11:45:00+00:00,[15]
SUI_USDT_SWAP,418,2026-05-03T11:45:00+00:00,404,2026-05-03T08:15:00+00:00,15,0.26519545912742615,0.34175851941108704,0.487637460231781,0.8045715093612671,0.5670750737190247,409,415,412.0,2026-05-03T09:30:00+00:00,2026-05-03T11:00:00+00:00,2026-05-03T10:15:00+00:00,7,3,d564ef33414d5949,1,0.26519545912742615,2026-05-03T11:45:00+00:00,2026-05-03T11:45:00+00:00,[15]
BAT_USDT_SWAP,419,2026-05-03T12:00:00+00:00,403,2026-05-03T08:00:00+00:00,17,0.500023603439331,0.29771900177001953,0.5839625597000122,0.7017621994018555,0.6773868203163147,408,414,411.0,2026-05-03T09:15:00+00:00,2026-05-03T10:45:00+00:00,2026-05-03T10:00:00+00:00,7,5,fa21185cb4196469,4,0.500023603439331,2026-05-03T12:00:00+00:00,2026-05-03T12:00:00+00:00,"[14, 16, 17, 18]"
H_USDT_SWAP,419,2026-05-03T12:00:00+00:00,408,2026-05-03T09:15:00+00:00,12,0.5614204406738281,0.425802081823349,0.19661836326122284,0.7702696323394775,0.4529321491718292,413,417,415.0,2026-05-03T10:30:00+00:00,2026-05-03T11:30:00+00:00,2026-05-03T11:00:00+00:00,5,2,44dd742aea52ae41,3,0.5614204406738281,2026-05-03T12:00:00+00:00,2026-05-03T12:00:00+00:00,"[12, 13, 16]"
LINK_USDT_SWAP,419,2026-05-03T12:00:00+00:00,405,2026-05-03T08:30:00+00:00,15,0.5039737820625305,0.3418787717819214,0.48999306559562683,0.8034859895706177,0.5688136219978333,410,416,413.0,2026-05-03T09:45:00+00:00,2026-05-03T11:15:00+00:00,2026-05-03T10:30:00+00:00,7,3,0647ed1c3fff9e34,2,0.5039737820625305,2026-05-03T12:00:00+00:00,2026-05-03T12:00:00+00:00,"[14, 15]"
UNI_USDT_SWAP,419,2026-05-03T12:00:00+00:00,406,2026-05-03T08:45:00+00:00,14,0.609729528427124,0.3614749014377594,0.5183254480361938,0.7908409237861633,0.5952417254447937,411,416,413.5,2026-05-03T10:00:00+00:00,2026-05-03T11:15:00+00:00,2026-05-03T10:45:00+00:00,6,3,1321458d218a4e53,4,0.609729528427124,2026-05-03T12:00:00+00:00,2026-05-03T12:00:00+00:00,"[12, 13, 14, 15]"
YFI_USDT_SWAP,419,2026-05-03T12:00:00+00:00,402,2026-05-03T07:45:00+00:00,18,0.27814236283302307,0.3362352252006531,0.4770422577857971,0.723750650882721,0.5358233451843262,408,414,411.0,2026-05-03T09:15:00+00:00,2026-05-03T10:45:00+00:00,2026-05-03T10:00:00+00:00,7,5,7f1d4834f62c431b,1,0.27814236283302307,2026-05-03T12:00:00+00:00,2026-05-03T12:00:00+00:00,[18]
